review_id,customer_id,branch_id,review,date_submitted
1,250,13,"Odio ducimus expedita doloremque. Quas nisi occaecati quasi quis dolor ad.
Provident error ullam repellendus provident. Ad dolorem error blanditiis neque odit explicabo. Cum ut amet.",2023-12-14
2,416,17,"Et repudiandae deleniti doloribus molestiae alias.
Esse odio debitis. Suscipit animi saepe magni illum tenetur.
Libero eius sapiente soluta at. Expedita voluptate necessitatibus ab.",2023-12-30
3,72,4,"Quibusdam exercitationem est accusamus. Delectus unde maiores rem est. Ad sed nobis vitae vero accusantium.
Corporis nisi dicta doloremque veritatis officiis.
Quae voluptates odit exercitationem.",2024-05-26
4,37,3,Nam deleniti quibusdam a. Odit dolorem dolorem cum cum. Animi magnam aliquid quae est nulla esse. Nesciunt animi modi inventore expedita.,2024-07-27
5,116,11,Odio officiis omnis consequatur aperiam aliquid sit ab. Vitae modi ea beatae eos. Laborum quibusdam eius culpa voluptatem recusandae.,2025-03-07
6,148,16,Quibusdam laboriosam nihil aperiam sint et inventore. Eum perspiciatis libero vel. Alias unde non veniam modi cumque exercitationem consectetur.,2024-02-02
7,200,13,"Facilis aliquam voluptas eveniet mollitia dolorem corrupti. Vitae maiores numquam hic velit aspernatur saepe vero.
Dolore quos inventore enim. Molestias ratione dicta in aliquid.",2023-09-27
8,5,6,Iusto sunt illum itaque nostrum in quod.,2023-06-03
9,489,7,Unde sint unde veniam magnam corrupti suscipit. Expedita ex vero soluta optio. Soluta unde sunt quis culpa vel repellat.,2023-10-20
10,472,14,"Nostrum perferendis rem repellendus. Blanditiis provident recusandae enim. Ipsam a cum consectetur error voluptate.
Numquam magni quis dolores labore numquam veniam.",2023-11-21
11,51,6,Fugit delectus commodi. Neque tempore laboriosam porro aliquam facilis illo consequuntur. Aut vitae explicabo id.,2024-03-30
12,422,15,Blanditiis laborum dolorem cupiditate. Fuga natus delectus ipsa inventore asperiores. Vel esse pariatur labore odit error et.,2024-08-16
13,467,16,"Maxime dolor a provident. Aut nemo ex ad distinctio.
Tempora alias dolore possimus praesentium. Et eum incidunt ipsam.
Quam recusandae ullam id. Ut eaque labore.",2023-06-20
14,464,17,Praesentium qui doloremque suscipit ipsam alias possimus. Ea esse maiores architecto commodi maxime dicta.,2024-03-03
15,297,18,Eos laborum officiis quidem reprehenderit sed. Suscipit ducimus mollitia eius. In magnam officia deserunt consequuntur quam enim. Alias consequuntur consequuntur quis.,2023-07-09
16,425,15,"Voluptates alias officia vero. Rem voluptate odio velit modi optio quasi veritatis. Cum eius odio nesciunt sit error.
Amet impedit dolores consectetur.",2024-10-29
17,342,3,"Temporibus sed consectetur reprehenderit eaque doloremque voluptatem. Eaque minima expedita vel vitae exercitationem exercitationem.
Sapiente voluptate omnis dolorem. Qui commodi necessitatibus.",2024-08-22
18,422,13,"Aperiam dicta earum libero tempore laudantium dolorum. Magni incidunt repudiandae doloribus quidem.
Inventore ratione blanditiis exercitationem aliquid. Labore ab officiis.",2023-04-17
19,199,3,"Dolorum libero ipsum rem ipsa numquam. Perferendis repellendus cum fugiat sunt accusamus. Temporibus nostrum sed labore minima eaque.
Voluptates totam voluptas est veritatis neque.",2023-06-30
20,100,14,Nulla autem ipsam nemo. Eveniet accusamus pariatur. Consectetur fugit porro veritatis soluta.,2023-06-20
21,112,18,Necessitatibus voluptatibus praesentium eaque quaerat. Quia quas tempore nisi soluta. Deserunt modi reiciendis tempora.,2024-02-04
22,242,3,Ullam earum doloremque tempora similique. Ipsum omnis esse reiciendis architecto. Expedita quasi ducimus facere.,2025-01-22
23,47,12,"Pariatur error voluptas reiciendis consequuntur a.
Quos cum nihil excepturi distinctio. Nisi est ea alias corrupti. Exercitationem excepturi temporibus quae quis iure ad.",2025-01-06
24,255,10,"Odio itaque assumenda est debitis. Praesentium dignissimos voluptatem nemo praesentium.
Veniam aut quae nesciunt numquam. Consequatur repellat occaecati. Quia maiores dolor neque mollitia.",2024-04-04
25,187,6,Odit minus error exercitationem minima quas. Delectus odio dicta magni.,2023-04-11
26,184,17,"Iste est possimus aliquam ut. Dolorum voluptatibus ab harum facilis.
Pariatur qui necessitatibus molestiae rerum. At optio fugiat perferendis aliquid.",2023-11-29
27,486,17,Corporis sit asperiores sit illum nostrum. Corporis maiores ad iste totam facere doloribus.,2024-05-26
28,368,12,"Ullam culpa natus autem dolores. Consequuntur soluta unde occaecati. Cumque iure quam reiciendis perferendis tenetur necessitatibus.
Aspernatur maiores accusamus saepe delectus.
Quam fuga incidunt.",2025-01-28
29,39,5,Esse nobis at tempora esse impedit amet. Iure quae quibusdam cum dolorem eius quas. Minima laudantium soluta aspernatur fugit amet esse.,2025-02-19
30,475,11,"Officia corporis fugiat.
Exercitationem ratione incidunt recusandae repellat. Corrupti odio at eum odit occaecati natus voluptatum. Quas in doloremque in recusandae.",2024-03-05
31,172,3,Tempora quod optio deleniti illum dolore. Fuga accusamus voluptas excepturi soluta atque nam. Cumque doloribus sint a sequi impedit perspiciatis.,2024-11-08
32,16,16,"Nostrum pariatur assumenda numquam. Quasi debitis exercitationem dicta optio cum. Unde a deleniti amet.
Voluptatem eos culpa doloribus. Quidem consectetur incidunt. Recusandae tempora labore.",2024-05-17
33,422,16,"Iusto quod doloremque cumque vero qui. Maiores amet accusantium. Nostrum quae provident voluptas ut harum.
Tempore sint amet minus adipisci. Placeat occaecati voluptates suscipit est.",2024-05-25
34,62,7,Laboriosam ullam illo. Voluptatum ducimus repudiandae nobis molestiae. Dicta accusantium reprehenderit rem molestiae. Dignissimos quis non illo.,2023-08-23
35,248,7,Mollitia esse vero necessitatibus facere sit. Minima odit asperiores. Doloremque consectetur dicta cupiditate quae porro saepe.,2025-02-12
36,237,5,"Nam quos commodi id. Nesciunt sapiente illo necessitatibus autem voluptatem iure.
Explicabo quos aut nostrum. Labore ad totam distinctio sequi harum sequi.",2024-10-23
37,149,19,"Consectetur magni fugit deserunt sunt.
Inventore nesciunt est molestiae. Maxime id aut dolores consequuntur cupiditate itaque molestias.",2023-05-29
38,470,19,Maxime beatae tempora asperiores. Repudiandae incidunt consequatur nihil excepturi.,2024-04-22
39,96,17,"Ullam blanditiis dignissimos tempore provident reiciendis. Voluptas placeat neque ad vero.
Ab nihil necessitatibus cumque itaque error. Consequuntur quos odio sapiente.",2023-11-18
40,50,7,Magni in ex error soluta voluptates. Atque sed magnam illum a. Voluptas ea autem exercitationem ipsa deleniti necessitatibus.,2024-12-20
41,170,20,"Praesentium aperiam numquam id mollitia vero.
Ipsum error dolorem earum alias debitis blanditiis. Iure quidem perferendis.",2024-08-13
42,133,12,Cum ratione possimus blanditiis. Porro repellat distinctio ipsa cumque rem. Quasi earum possimus debitis a quo.,2024-07-08
43,105,2,"Sunt rem repudiandae inventore consequatur velit. Enim omnis quod molestias velit occaecati amet.
Quos atque magni repellat eveniet earum dolorum. Impedit facere non quasi esse minima quidem quam.",2024-04-06
44,97,3,Recusandae fuga magni quos possimus voluptas. Vel dicta facere minus voluptates nemo. Animi porro recusandae ratione.,2024-02-12
45,485,11,Aliquam dolorem deserunt quasi impedit in. Mollitia in enim dolorum.,2024-06-03
46,498,3,Unde aperiam nemo earum aperiam recusandae maxime. Quidem magnam maxime atque fugit eos distinctio.,2024-09-23
47,481,8,"Nulla blanditiis molestiae voluptatibus a ab.
Nulla optio ab autem corporis.",2023-10-27
48,48,19,"Sint perspiciatis vel officiis distinctio. Qui corporis magni.
Repellat tempore voluptatem ipsum ipsum dolorem id. Minus molestias culpa magnam. Nisi itaque officiis quos officiis accusamus.",2023-08-05
49,179,3,"Sit odit vitae dolore quaerat perferendis recusandae natus. Voluptate at nesciunt itaque fugit.
Optio inventore quos. Ad deleniti eius laborum. Nam magnam magni saepe quod temporibus.",2024-04-18
50,290,6,Optio nam commodi veritatis occaecati pariatur asperiores nemo. Ratione accusantium quia repellat ad nihil. Nam sit nobis saepe blanditiis fuga aperiam.,2023-09-25
51,178,13,"Eaque dolor asperiores officiis suscipit. Quo beatae id voluptatem nulla ex eaque. A consectetur labore nostrum culpa.
Praesentium delectus architecto vel nulla. Earum tenetur vel deserunt.",2023-10-13
52,366,10,Enim fugiat nemo corrupti tempora ducimus dolore. Suscipit necessitatibus sequi cupiditate ipsam consequuntur corporis. Quis laudantium iusto accusantium mollitia eaque facilis.,2024-03-07
53,28,13,Qui quibusdam asperiores quasi. Doloribus quis necessitatibus dolore.,2023-05-26
54,287,20,Quod veniam minus expedita consequuntur unde sequi. Maxime asperiores quos ratione. Laboriosam beatae dignissimos aliquid.,2024-03-03
55,452,11,"Aspernatur delectus alias iure perspiciatis odio in. Explicabo autem consequuntur officia eius ea odit.
Veniam facere cupiditate fugit neque quod odit. Voluptate tenetur alias est tempora nemo.",2024-07-30
56,286,5,"Voluptatem exercitationem rerum doloremque. Corrupti exercitationem suscipit rerum soluta commodi.
Reprehenderit quo vitae iure quo dolores ex. Necessitatibus maxime inventore.",2023-05-13
57,321,19,"Maiores dolore nemo nam mollitia magni. Ea exercitationem debitis.
Sit enim cumque officiis incidunt. Quaerat explicabo doloremque.",2023-08-30
58,202,19,Quibusdam vero molestiae. Necessitatibus consequatur est quos. Suscipit tempora ad vitae expedita voluptatem accusantium deleniti.,2024-06-19
59,75,1,"At vitae voluptas eaque asperiores exercitationem cumque exercitationem.
Veritatis quas a. Odio blanditiis ex placeat. Voluptatem in eveniet temporibus itaque deleniti eveniet voluptas.",2023-08-21
60,326,2,Maiores ipsum provident exercitationem animi necessitatibus natus. Fuga pariatur dolore quis ipsa eveniet incidunt deserunt. Est repellendus eaque occaecati error eius asperiores ex.,2023-08-26
61,442,6,"Magni tempore maxime laboriosam a eius ea. Sed nulla doloribus natus.
Expedita nesciunt voluptatum impedit non. Perferendis eum repellat eum voluptate aut.",2023-04-22
62,240,7,Illo quasi accusantium neque enim minus. Cumque eveniet maiores ea ea. Mollitia vitae tenetur magni esse delectus.,2024-12-04
63,195,10,Vero at dolorem recusandae dolores quidem perspiciatis. Cum accusamus deserunt dicta libero neque repellat.,2024-01-31
64,459,20,Fugiat vitae voluptate deserunt. Debitis in dolorum illum ut exercitationem quae. Eius ea quibusdam molestias doloribus quos reiciendis assumenda.,2023-04-17
65,225,17,"Maxime fuga omnis ut molestiae. Blanditiis omnis placeat necessitatibus atque.
Pariatur impedit molestias atque quam. Doloribus in itaque quibusdam aliquam molestiae minus.",2023-12-28
66,279,9,Qui ipsum assumenda maxime quis. Voluptatum corporis occaecati quos. Quo dolores quod labore.,2023-04-02
67,490,20,Nesciunt quibusdam quod recusandae nesciunt aliquam. Id dolorum minus beatae ab vel placeat. Recusandae voluptate quaerat dolore et deleniti.,2023-09-29
68,347,8,Reiciendis voluptate minus alias accusamus quibusdam molestias. Quam illo voluptatibus distinctio voluptas dolores error molestiae. Magnam est mollitia.,2025-01-07
69,461,16,"Sit rem magnam neque alias. Neque placeat sint error.
Tempora repudiandae cupiditate repudiandae suscipit nisi error. Quasi praesentium autem nulla quae possimus atque.",2024-08-22
70,334,7,"Eveniet delectus cum esse nobis magnam facere.
Eaque reiciendis consequatur. Perspiciatis delectus quisquam dicta delectus. Fugiat deserunt adipisci consequatur.",2023-08-19
71,98,16,"Pariatur tempore quidem rem. Tenetur optio vitae dolorem accusantium. Suscipit quidem nam at.
Nulla modi alias qui nihil sapiente. Officiis recusandae hic.",2023-07-16
72,406,15,"Non debitis nihil laborum culpa. Cumque inventore laboriosam magni delectus magni. Rerum quam porro at ad facere.
Id exercitationem perspiciatis laborum. Reiciendis rerum ducimus a.",2024-09-12
73,186,16,Voluptatum in laborum repudiandae ducimus suscipit corporis occaecati. Est perspiciatis necessitatibus ad distinctio. Odit perferendis voluptates ab iusto modi eum.,2023-05-08
74,448,16,"Eveniet id excepturi eius. Dolores non id. Illum nemo dicta voluptatum placeat unde animi illo.
Commodi corporis nostrum sit cupiditate velit pariatur. Voluptatibus cumque minima eligendi.",2024-03-21
75,124,11,Maiores facilis explicabo voluptatem blanditiis. Odit quo quo quam. Corporis ab inventore temporibus possimus doloribus nesciunt.,2024-01-12
76,251,7,Perferendis distinctio qui aliquam. Facilis possimus facere fuga perspiciatis natus. Labore sint dolor consequuntur ducimus ducimus error.,2024-02-14
77,84,7,Mollitia blanditiis incidunt quis libero hic. Exercitationem officiis nam aspernatur quidem.,2024-08-08
78,462,7,"Perspiciatis illo saepe accusantium laboriosam quae quam. Voluptatum ipsum quidem perspiciatis.
Quo suscipit minima sequi praesentium ut sunt. Eos dolore vero at asperiores.",2024-02-22
79,270,6,Cumque officia reiciendis laborum qui officiis. Nemo eos eveniet provident unde. Iure ipsam minus.,2024-07-07
80,10,3,"Itaque hic temporibus odit. Hic nostrum tempora neque.
Ex labore error. Reprehenderit dignissimos veniam quibusdam minima eos pariatur. Ut tenetur magnam laborum molestiae.",2023-03-25
81,366,19,Illo accusantium commodi est ut. Atque veniam eos culpa asperiores aut exercitationem. Blanditiis libero dolorem ratione minima tempora quae hic.,2023-12-20
82,293,5,"Quam cum odio ex. Error ab eius perspiciatis deleniti odio. Iste non repudiandae.
Quae accusantium a asperiores. Quam recusandae doloribus impedit ut unde itaque. Fuga ullam similique esse porro.",2023-12-03
83,368,10,Perspiciatis voluptatibus nostrum porro consectetur illo. Maxime eos ab rerum beatae porro sed.,2024-07-20
84,463,1,Error fugit fugit assumenda. Soluta veniam magni inventore iure. Atque repudiandae aspernatur mollitia eaque aliquam possimus officiis.,2024-11-14
85,27,5,Minima ullam adipisci dignissimos amet. Voluptatum possimus alias ad distinctio aliquid.,2023-11-06
86,221,10,Eum quaerat itaque laudantium. Commodi minus maxime delectus.,2024-04-04
87,51,5,Occaecati asperiores rerum eligendi cupiditate. Incidunt id voluptatibus provident exercitationem dignissimos laboriosam.,2023-11-25
88,431,5,Natus fugit maiores reiciendis adipisci eum exercitationem animi. Eos quia at doloribus quam ea quam.,2023-05-25
89,354,15,Rem dolores odio consequuntur dolor quae hic. Debitis perspiciatis animi omnis tempora amet eos.,2023-11-03
90,352,6,"Beatae eius tenetur distinctio veniam inventore ad. Totam iste sapiente labore.
Quod culpa assumenda officia rem tenetur dolor neque. Eum exercitationem ducimus nesciunt exercitationem.",2024-02-17
91,141,1,Nisi nam iste alias quaerat doloremque aliquid. Aliquid delectus dicta mollitia minima. Minus illo quasi.,2024-05-05
92,493,8,Temporibus vel quidem deleniti. Illum molestias assumenda quas atque vel. Earum quia dignissimos expedita consectetur voluptates error.,2024-12-23
93,72,4,Et similique consectetur maxime. Vitae consequatur autem nostrum. Tempora nihil deleniti atque esse quos magnam quia.,2024-05-23
94,459,19,"Voluptate fugit hic. Aspernatur facilis ipsum sunt dignissimos.
Unde in voluptate odio. Delectus atque unde voluptates. Alias consequuntur officia.",2024-09-07
95,369,12,"Velit voluptates repellendus repudiandae veniam a id. Minus optio nemo consectetur assumenda exercitationem illo.
Itaque aut quos sed natus optio sed exercitationem.",2023-05-16
96,351,17,"Vitae ducimus cupiditate officia vero inventore ipsam ex. Illo numquam in.
Quod officiis incidunt error.",2024-11-25
97,272,13,Ex nostrum dicta nisi iure id in. Sunt beatae deserunt.,2023-09-02
98,456,15,Reprehenderit libero quibusdam nisi porro vel illo. Necessitatibus aliquid in animi sequi quae.,2023-08-04
99,457,7,Labore excepturi suscipit incidunt. Nihil quae sit provident accusamus non.,2024-11-08
100,4,11,"Ipsum tempore earum. Iure recusandae voluptates et voluptatum minus. Quam assumenda voluptatibus quo.
Necessitatibus harum expedita corrupti. Blanditiis explicabo officia at.",2024-06-23
101,105,12,"Velit illo ratione inventore perferendis. Quia laboriosam quia porro adipisci. Fugit pariatur saepe quia.
Dicta deleniti exercitationem reprehenderit laborum. Sint accusamus unde atque eius ut.",2024-02-25
102,47,7,"Error fuga quod eum hic ad dolore. Quis id excepturi animi expedita excepturi neque.
Dignissimos sint dolor nulla dolorum distinctio. Sequi illum ratione fugit explicabo.",2024-09-10
103,249,2,Qui labore consectetur quisquam ut cumque. Officiis laboriosam animi doloribus. Error consectetur neque excepturi voluptate expedita similique.,2024-03-25
104,299,7,Qui dignissimos autem velit minus ratione eius. Consequuntur commodi cum fuga distinctio.,2023-11-24
105,314,19,Soluta voluptatibus vero. Laborum praesentium iusto ut beatae debitis.,2023-09-03
106,173,5,"Porro eos non architecto hic eaque.
Veniam illo velit reiciendis molestiae. Hic a reiciendis.
Esse nesciunt ex ipsa.",2023-10-30
107,400,18,Veritatis deserunt voluptatibus quam veritatis ducimus sequi quam. Et est aliquid dicta. Eveniet tempore inventore tempore et dolorem sed. Rerum alias reiciendis dolor magni reprehenderit maxime.,2024-05-08
108,24,10,Alias repellendus natus nisi quae ut pariatur. Culpa enim placeat quaerat sint. Possimus voluptatum facilis sit ipsam enim eos alias.,2024-08-20
109,349,20,"Adipisci nesciunt illum dolore maiores. Blanditiis nam voluptatum.
Sapiente quasi debitis ratione velit suscipit. Voluptatum totam nam ipsum praesentium commodi id. Officiis ut eaque.",2023-05-03
110,236,6,"Cum vel quas repudiandae voluptatem facere.
Saepe eos iusto dolorem ab non. Minima voluptate et quia iusto.",2024-07-02
111,129,13,Dignissimos quis adipisci officia maxime ea exercitationem ipsa. A vero magni aperiam autem explicabo quaerat.,2023-05-04
112,167,5,Voluptates in quod quia sequi dolor dolores. Exercitationem ducimus ipsam laborum. Nisi cumque amet quasi. Dolore aspernatur ipsam inventore architecto.,2023-12-04
113,297,19,Et quam nobis doloribus cumque fugiat autem. Quidem pariatur quibusdam mollitia. Expedita sint repudiandae earum sit eos corporis.,2024-08-07
114,415,4,"Optio facere ipsa doloribus deserunt soluta eius. Cum harum architecto dolorum. Corporis sequi nulla consequuntur.
Error quis in eius at. Vero et placeat. Eaque maiores numquam sint in.",2025-03-12
115,384,13,Sapiente eum quibusdam dolorum exercitationem quis assumenda quo. Rem sapiente esse hic rerum alias provident. Voluptas enim reiciendis reiciendis placeat.,2024-07-14
116,204,20,"Perferendis mollitia quisquam sunt numquam explicabo. Architecto corrupti iste ex voluptatum incidunt. Sequi vero enim nemo repellendus ducimus.
Molestias dolores eum cupiditate repellat doloribus.",2023-07-23
117,179,16,Molestias at molestiae. Fuga repudiandae nam rem impedit. Nobis odit ipsum voluptate odit inventore. Fuga quaerat officia molestiae.,2023-09-12
118,158,11,Enim sit beatae qui dignissimos reiciendis. Quisquam a accusantium.,2024-01-09
119,326,17,Iste officia mollitia ut.,2024-06-26
120,251,15,Nam laudantium excepturi repellendus quo beatae aliquam. Reiciendis architecto consequuntur adipisci temporibus ratione temporibus ex. Mollitia commodi voluptatem omnis tenetur.,2025-02-01
121,220,13,"Vero repellat perferendis possimus. Nam accusantium ab quam provident sed. Ex minus enim neque.
Non iste amet voluptatibus. Similique eum minima. Non rem vero.",2024-09-20
122,161,17,Mollitia recusandae modi vel nihil. Accusamus officia consequatur aspernatur.,2024-10-30
123,361,10,"Neque nesciunt incidunt vero. Maxime inventore excepturi sint rerum. Culpa repellendus nulla necessitatibus unde iure sequi inventore.
Fuga dignissimos aperiam ut natus. Dolore laborum ipsam impedit.",2023-09-03
124,314,10,"Ea facere neque aut earum ratione.
Libero aut quia iure quibusdam quam. Accusantium hic rerum. Tempore assumenda minus ea neque quam.",2023-09-27
125,331,7,Inventore sequi officia quod. Suscipit officiis exercitationem id tempora perspiciatis.,2023-12-23
126,199,10,Exercitationem dolorem harum deserunt repellendus officia error. Voluptate vitae deleniti aliquam nam eius qui. Expedita fugiat unde debitis placeat.,2023-08-15
127,118,13,Adipisci reiciendis dolorem minus. Iste voluptate cupiditate praesentium ab velit. Ratione quia illum quidem iure tempore.,2024-05-08
128,81,9,"Laboriosam ex natus. Natus quasi incidunt in saepe perspiciatis. Officia nobis totam asperiores.
Sapiente debitis quisquam eligendi.",2024-03-23
129,247,2,"Sapiente eius repellendus nihil. Laboriosam quos minus exercitationem architecto quae.
Culpa id sed. Quaerat consequuntur facilis perspiciatis quos. Est veritatis commodi.",2023-04-17
130,112,15,Expedita in ex similique sint similique. Occaecati facilis minus consectetur quam nesciunt et dignissimos. Ipsum repudiandae nihil consectetur voluptatum corrupti fugiat.,2024-09-29
131,288,16,"Id consequatur fugit eius quisquam iure. Hic provident rem.
Perspiciatis possimus illo hic autem temporibus explicabo. Ut exercitationem perspiciatis nihil maxime.",2024-10-20
132,316,1,Perferendis quis assumenda fugiat. Quaerat voluptatum ducimus blanditiis explicabo reprehenderit quisquam. Hic doloribus nesciunt soluta voluptates.,2024-05-24
133,371,10,Neque facilis totam rerum aut. Non tenetur maxime qui. Eveniet tempora voluptas beatae corrupti quisquam perferendis.,2023-12-01
134,412,14,"Ab quae possimus sint quis.
At rem tenetur dolorem aspernatur deserunt provident. Et ipsa et doloremque vitae ullam neque. Iusto at tempora nam iusto.",2024-04-18
135,117,20,"Odit eos pariatur aliquid sit odio. Veniam sequi pariatur quibusdam nulla.
At fugit provident vitae esse sed. Illo corporis explicabo quasi.",2024-03-27
136,85,10,"Ipsum quod occaecati ipsa. Animi architecto quis distinctio reiciendis quia vel. Perferendis nihil explicabo quis voluptatem.
Sapiente quod quae cum numquam.",2023-05-25
137,240,7,"Repellendus a repellat amet. Fugiat cum eligendi impedit magnam temporibus.
Dignissimos dicta ut similique doloribus. Rem iste ullam.",2023-06-28
138,207,13,Rem dolorem eos doloremque exercitationem veritatis reprehenderit. Mollitia officiis animi fuga.,2023-04-12
139,495,18,"Odio quia quia at. Id consequuntur id nesciunt mollitia delectus.
Molestiae magnam neque laborum. Dolorum earum quod perspiciatis eos.",2023-11-18
140,177,7,"Aut voluptatibus suscipit beatae quis recusandae ab. Nesciunt voluptatum nam cupiditate atque beatae.
Sequi quaerat non sit. Excepturi ad qui neque iure recusandae.",2023-09-09
141,335,18,Ratione animi quidem necessitatibus. Vero ipsam iure sunt. Architecto facere error dolorum eum totam.,2023-09-29
142,217,15,Voluptatem repellat eveniet dolores magnam labore soluta ut. Consequuntur et totam dicta possimus provident eveniet. Alias hic explicabo. Natus velit expedita nemo consequuntur.,2024-10-20
143,313,18,Dignissimos delectus nobis in ex dignissimos. Quisquam odio eaque expedita rerum nobis nulla nisi. Amet corrupti dolores quod.,2023-09-12
144,34,8,"Esse ratione laudantium voluptatum ducimus laboriosam. Atque quasi architecto delectus totam doloribus expedita quo.
Ex maxime voluptatum aspernatur facilis.",2024-12-21
145,483,17,"Dignissimos exercitationem rerum quos. Laudantium quam expedita repudiandae. Hic libero iusto corporis at et dolor.
Nemo doloremque officia sint eos. Quo quibusdam magni quos dicta.",2023-07-23
146,441,15,Laudantium repudiandae omnis possimus. Ad porro occaecati vel cupiditate hic. Officiis porro officiis. Molestiae occaecati unde nihil dolores commodi molestiae rem.,2023-05-24
147,234,19,Sunt optio in eius tempora corrupti minus. Eligendi facilis saepe possimus fugit. Repellat cumque nihil repellat error.,2023-03-29
148,392,11,Id aliquid sunt eius totam voluptatum neque velit. Ipsam labore nihil nobis tempora aliquam. Fuga natus nihil vel dolores dolore consequuntur.,2023-08-10
149,280,17,"Dignissimos tempore ex repudiandae. Occaecati ipsam occaecati.
Quos corrupti expedita ipsa saepe suscipit excepturi. Vitae iusto corrupti.",2025-03-18
150,222,6,Consectetur ab sunt quia. Perspiciatis quam voluptatibus dolorum velit quae. Dolore id omnis nesciunt fuga tempore. Vitae quod nam enim laborum repudiandae.,2023-06-13
151,80,4,"Et esse amet commodi expedita officia ea. Tempora fugit sint maiores illum.
Numquam laborum cumque autem architecto. Officia alias ipsum facere accusantium. Laborum ipsam ex accusantium eius dolorem.",2024-10-07
152,303,9,Sapiente dolores velit. Minima aut soluta doloribus dolores nisi. Cumque cumque modi quis tempore odio ullam.,2024-03-27
153,403,19,Laborum ad vel modi id officiis. Animi quo facere hic dicta voluptatum repellendus. Voluptatum quas nihil ea quas culpa beatae. Fugiat et ipsa cum voluptatum quaerat.,2023-04-03
154,351,15,"Tempore quo sint vitae numquam nisi impedit. Qui cumque quae.
Nobis nostrum sequi itaque. Animi repudiandae at officia. Accusamus sunt et tenetur facilis. Quam accusantium omnis suscipit expedita.",2023-07-08
155,257,10,"Repellat facere ratione aspernatur tenetur. Molestias quia dolore quis quos repudiandae quis.
Animi explicabo odit rerum in. Tempore autem sit aliquam assumenda.",2023-07-23
156,103,13,Id quia voluptate nam magnam ex. Illum temporibus voluptas laborum doloribus quibusdam expedita eveniet.,2024-02-21
157,458,9,"At enim quas eveniet illum. Pariatur repellendus earum molestiae laborum dolore.
Excepturi perferendis repudiandae ut nihil. Culpa tempore aliquid porro earum officiis.",2024-01-22
158,347,2,Occaecati officiis odit rerum. Ab voluptas eligendi blanditiis. Esse consequatur eaque quam atque itaque.,2025-01-13
159,281,14,Iure consequuntur ratione dicta dolorem optio. Quod quod architecto unde. Unde beatae necessitatibus voluptate.,2024-02-04
160,434,1,Inventore fugit quasi molestiae vero facere quo illum. Sunt mollitia saepe aliquam molestiae unde dolor.,2023-09-12
161,247,2,Illum dolore ipsa nihil quas eos odit. Praesentium possimus unde doloribus voluptatum libero fugiat.,2023-06-21
162,11,19,"Cupiditate quas mollitia architecto nostrum quod. Quia molestiae vel nesciunt quibusdam iure suscipit.
Illum id tenetur.",2024-08-02
163,451,12,"Cumque aperiam magni numquam. Assumenda vero eligendi commodi. Dicta a quia rem modi officiis libero.
Dolorem aut assumenda. Totam illum corporis provident molestiae illo amet.",2024-06-11
164,351,5,Unde expedita rerum fuga dignissimos eum dicta. Esse explicabo nam illum adipisci error consectetur. Ad esse praesentium dignissimos inventore quis.,2024-06-05
165,81,18,Aperiam sunt officiis adipisci reiciendis. Quis praesentium eaque explicabo. Sequi quo dignissimos odit quae nostrum sapiente. Laudantium iure nisi optio error velit.,2024-10-24
166,346,16,Laudantium quis voluptatum. Asperiores consequatur laborum earum. Soluta eveniet tempore cumque.,2024-01-04
167,119,15,"Saepe totam cum tenetur atque facilis. Quas ea aliquid distinctio error aut omnis.
Accusamus molestias blanditiis ipsam. Ipsum minus iste natus.",2024-04-10
168,295,18,"Facere assumenda minus ea cumque ad. Et consequuntur maiores vero.
Ad nulla aut voluptatibus fuga atque.",2024-12-06
169,170,4,"Modi facilis cumque architecto iure molestias. Cum voluptas culpa.
Perspiciatis accusantium tempora.
Magni amet distinctio odio accusamus eveniet expedita. Quo labore laboriosam cum.",2023-05-16
170,492,1,"Quam quo tempore veniam. Officia dolorem quia ex.
Dignissimos voluptatem doloremque quo vel optio molestiae. Ullam aliquid vero labore quam. Quidem fugiat nobis.",2024-07-07
171,170,12,"Vitae hic doloremque totam.
Quis voluptatibus facere deleniti ratione. Corporis assumenda illo rem velit perspiciatis distinctio. Nostrum blanditiis omnis distinctio odio eaque cumque non.",2024-08-19
172,57,12,Sint esse ipsam dignissimos corporis a recusandae. In laboriosam accusamus deserunt laboriosam. At dolor minima ipsa expedita nostrum.,2023-10-05
173,138,13,"Velit hic consectetur impedit voluptate minus. Consequuntur minus quae. Quidem porro ex quisquam laudantium.
Laborum nesciunt sit iure praesentium itaque earum. Mollitia nobis iste sed.",2024-11-09
174,415,18,Quas incidunt dolor deserunt. Beatae pariatur modi repellat accusamus minus. Sit expedita libero placeat laudantium deserunt itaque. Porro recusandae earum explicabo iure ex.,2023-12-21
175,184,12,A enim fugiat ducimus ullam deleniti. Nisi rem provident consectetur libero facere iusto. Sed molestias saepe corporis.,2024-07-25
176,137,8,"Neque eius suscipit minus autem excepturi minima. Molestiae aspernatur est quam sed molestias. Accusantium sed libero delectus quaerat.
Ipsa incidunt quibusdam. Dolor magni tempore rerum est totam.",2023-09-30
177,404,14,Recusandae dolorem eos dolorum illo inventore earum. Veniam quaerat quis mollitia provident beatae. Maxime voluptates quam corrupti incidunt optio dolores.,2023-07-19
178,42,10,Deserunt ullam doloremque odio. Sunt magni pariatur ratione voluptatem hic hic. Suscipit velit porro consequuntur sunt vel sed. Aliquam neque libero laboriosam totam saepe autem.,2025-03-09
179,454,17,Ipsam quia nostrum neque eveniet error. Accusantium adipisci quaerat iusto corrupti ullam officia.,2023-08-22
180,304,10,Fuga debitis harum. Odit dignissimos fugiat facere. Repudiandae libero magnam pariatur dicta.,2025-01-19
181,326,17,Blanditiis ad aspernatur repellat similique. Qui quibusdam quia numquam.,2023-06-18
182,371,10,Quibusdam vero soluta reprehenderit libero dolorum. Porro consequatur autem vero explicabo suscipit. Vel voluptatem ducimus repellat perspiciatis enim repudiandae.,2023-07-22
183,20,3,"Perspiciatis aliquid ea. Dolorum eaque voluptatem sit magnam.
Voluptates molestiae magni. Temporibus ratione laborum corporis.
Quo deleniti molestias. Error enim eveniet dolorem dolores.",2024-05-04
184,437,10,Dolorem molestias maxime aliquam. Repellat eum beatae impedit rem iusto. Ullam accusantium illo cupiditate sequi.,2024-07-28
185,87,15,Dignissimos numquam id accusamus. Quasi accusamus sunt dolores voluptatibus.,2024-03-12
186,174,16,Vero possimus sint harum unde. Eos eaque totam aliquid. Sit laborum veniam fuga repellat possimus.,2024-03-30
187,121,15,Esse iure pariatur ducimus tempora sit. Quas eos eaque tempore unde eaque. Ut quibusdam ipsa placeat eius.,2025-01-28
188,405,19,"Ipsam voluptas voluptatem eos optio nemo. Illo excepturi iusto excepturi facilis sapiente aspernatur.
Quos a voluptates repellendus. Expedita ducimus et aliquid excepturi rerum culpa.",2024-09-22
189,272,18,"Totam labore explicabo odit aperiam nulla assumenda sunt. Illum officia deleniti quam pariatur perferendis ipsam. Eaque officia iure iure doloremque.
Dolores porro perspiciatis ipsa.",2023-12-09
190,265,8,"Sapiente maiores quam illo enim eum.
Necessitatibus temporibus veniam similique reiciendis consequatur architecto.
Dolorem reiciendis omnis nostrum vero reprehenderit. Ea explicabo itaque sapiente.",2023-06-20
191,429,8,Pariatur eius asperiores soluta eum nihil assumenda. Sed illo harum ad. Autem minus corporis minima repellat officiis.,2023-06-04
192,236,15,Necessitatibus aliquid occaecati laudantium ut numquam. Magni beatae accusamus id non. Facere itaque distinctio exercitationem non aut facilis voluptatem.,2024-03-02
193,280,1,"Odio quae veritatis magni cumque. Minus dolor accusamus numquam voluptatem voluptates dolorem itaque.
Magni assumenda nobis veritatis occaecati eius eos. Dolorum pariatur placeat illo praesentium.",2024-05-05
194,45,2,Nulla accusantium cupiditate repudiandae. Corrupti temporibus eos quod architecto nam. Suscipit ab incidunt quasi.,2025-01-29
195,50,3,"In autem quisquam dignissimos corrupti ducimus. Nihil impedit fuga beatae.
Delectus rem eum pariatur. Necessitatibus sint ipsam expedita error ad. Impedit eum explicabo ex tenetur.",2024-09-30
196,49,12,"Consectetur voluptates ipsa voluptates id. Voluptatum similique saepe aperiam neque.
Id enim ab culpa unde aspernatur. Iusto animi perspiciatis. Odit deleniti autem cum tempora eum.",2025-02-13
197,292,3,Maxime pariatur quidem omnis atque nesciunt expedita quos. Repudiandae non eos ipsa.,2023-10-15
198,182,5,"Eaque autem recusandae.
Dolore eos error. Culpa magnam debitis repellat sunt. Vero libero ipsum quas provident.",2025-02-16
199,32,17,Neque laboriosam nihil consectetur ad occaecati quos. Eum suscipit commodi fugiat minima impedit omnis fugiat. Aspernatur occaecati iste minima eius facilis.,2024-06-02
200,25,2,Quam nostrum maxime iure fugit debitis esse. Accusamus aliquam deleniti quasi perferendis maiores pariatur.,2025-01-14
201,63,11,Consequatur id animi animi natus nostrum. Expedita id vero cum aut quibusdam.,2025-02-28
202,312,12,Repellat exercitationem cumque excepturi cupiditate aspernatur. Maxime at laboriosam suscipit.,2024-03-06
203,198,3,"Labore illum nisi ad soluta.
Quisquam numquam cumque vitae. Provident numquam quae est.",2025-01-30
204,116,12,Magni itaque molestias quod ullam voluptates veritatis. Vero deleniti sequi consectetur rerum at autem. Assumenda possimus quaerat vel.,2023-06-08
205,416,14,"Blanditiis et illum voluptates.
Suscipit quis incidunt voluptate quo porro quibusdam.
Ullam vero vitae. Consequuntur facere facere consequatur recusandae ut.",2023-09-18
206,215,16,"Repellendus perferendis incidunt asperiores.
Vero eos nesciunt eos dolor totam ab.
Itaque tempora iste saepe aspernatur corporis voluptates. Magnam quas facilis ipsum soluta quis neque.",2023-11-21
207,173,1,"Delectus similique quos odit. Eligendi optio id voluptas.
Eaque mollitia libero eos neque labore quae. A nulla aspernatur. Deserunt qui quo exercitationem quaerat nostrum.",2023-04-14
208,293,19,Exercitationem ea aliquam delectus minima quisquam dolorum. Iste temporibus vero ipsam esse nam itaque doloribus.,2024-12-23
209,300,2,Impedit repellat nobis maiores quos. Ab delectus harum quibusdam animi saepe iusto.,2024-03-21
210,283,1,Nostrum commodi vel earum quia.,2024-02-04
211,195,4,"Facere expedita iste excepturi autem earum repudiandae. Quidem voluptatum quo numquam.
Natus hic repellendus aliquid consequatur provident quam sunt. Dignissimos nam harum odio placeat ipsum.",2023-04-22
212,239,4,Dolorem atque expedita accusamus. Quia doloremque unde beatae reiciendis dolore modi. Dicta consectetur laudantium voluptatem excepturi minus iusto.,2024-02-15
213,343,1,Tempora maiores sunt explicabo atque distinctio. Cupiditate aperiam velit dicta. Odit autem iste expedita.,2023-12-15
214,287,8,Itaque magnam ipsum impedit quos repellendus. Quis cupiditate ad vel sint minima. Fugit fugit laborum tempore.,2023-12-01
215,308,16,Neque sapiente cupiditate veritatis labore saepe. Eligendi cumque commodi distinctio iste molestias.,2023-10-04
216,377,17,Optio labore necessitatibus ullam. Dignissimos consequatur dolorem reiciendis architecto modi pariatur. Ex illum culpa laborum provident cum atque.,2024-06-08
217,483,19,"Sapiente commodi aliquam doloremque. Pariatur debitis debitis facilis quam natus.
Optio maiores fuga aut. Alias nemo provident nesciunt numquam.",2024-04-13
218,42,8,Placeat itaque laborum voluptatibus perferendis repellendus. Tenetur doloremque occaecati qui esse. Sequi quisquam quaerat ratione nihil illo.,2023-12-16
219,238,11,"Sit magni odio corporis. Enim iusto ea iusto deleniti eius.
Nostrum architecto laborum quod assumenda corrupti odit quae. Culpa expedita aliquam consectetur voluptate. Nihil neque ab sint nesciunt.",2024-11-23
220,453,14,Necessitatibus illum debitis corporis. Dolor aperiam dolor occaecati doloremque necessitatibus corporis. Quos quo tempora provident commodi. Non qui sint nesciunt asperiores unde saepe.,2024-06-11
221,358,10,"Rerum unde laudantium nemo repudiandae eaque. Consectetur suscipit ea nihil facilis quia delectus.
Officiis laudantium voluptates. Nisi magnam laborum quasi. Itaque deleniti cumque tenetur accusamus.",2023-06-26
222,74,15,Numquam animi delectus fugit. Corrupti quisquam nisi consequatur sunt neque asperiores accusantium. Et quae atque itaque in at quidem ipsa.,2024-04-05
223,331,18,"Voluptas natus quaerat neque.
Ad facere neque consectetur debitis dicta laboriosam. Dolorem doloremque iste cum.",2024-01-28
224,358,19,"Quo cumque iste blanditiis. Modi aspernatur quasi nemo dolores.
Cumque nam explicabo.
Eum molestiae accusamus reprehenderit voluptatibus quam. Ad sunt deleniti vel libero reiciendis quisquam.",2023-05-08
225,179,5,"Hic in iste veniam nobis. Eos aliquam necessitatibus nulla. Quae quisquam beatae perspiciatis.
Dolores quisquam maiores consequuntur. Provident labore quos repellat alias voluptates saepe.",2024-03-06
226,491,3,"Deleniti nobis eius assumenda. Cupiditate cupiditate eaque quaerat.
Quas consequatur id explicabo saepe non. Vel placeat debitis hic recusandae. Maxime quaerat corrupti asperiores nostrum.",2023-10-26
227,279,13,Quisquam sequi porro nesciunt. Accusamus veniam totam tempore deleniti. Dolorem dolorem vitae perspiciatis.,2025-01-12
228,241,6,"Perferendis sit dolorum perspiciatis amet. Esse quos similique commodi. Nostrum consequuntur recusandae minus. Consequatur ipsum aliquam deserunt.
Eaque adipisci dolor sint.",2024-03-31
229,241,10,Velit quo id recusandae. Distinctio necessitatibus earum tenetur rerum rem nostrum. Ab dicta eius ipsum.,2024-07-06
230,383,18,Eaque consequatur minima. Veritatis sapiente mollitia dolores error. Praesentium tempore aliquam accusamus quasi.,2023-07-13
231,188,18,Quaerat magnam alias at assumenda fuga. Dignissimos ad pariatur amet facere unde provident. Doloremque aliquam deserunt illo magni.,2024-12-03
232,152,13,Porro earum aspernatur voluptas necessitatibus. Voluptatem odio rem totam sed rerum. Impedit necessitatibus accusantium sit officia laboriosam est error.,2025-03-10
233,61,4,Cupiditate itaque numquam sequi. Corporis voluptas soluta neque. Error tempore distinctio recusandae deserunt magnam voluptatibus. Exercitationem tenetur deleniti quasi iste beatae ad nulla.,2025-02-22
234,312,16,Consectetur voluptatem similique hic. Sit in exercitationem eum dolorem praesentium. Exercitationem qui laboriosam veniam molestiae nostrum ipsa.,2024-09-03
235,112,14,Similique eius deleniti. Eius deleniti repellat ad vitae nostrum voluptatem.,2023-07-21
236,97,18,"Ut mollitia nemo eos. Molestias saepe a unde ipsum.
Quidem saepe sed delectus sunt impedit. Quas ut dolor sit consequatur ratione. Quaerat ipsa corrupti a sunt nihil ad.",2024-05-22
237,359,17,"Esse odio ipsum at voluptatum. Aspernatur cupiditate sapiente necessitatibus explicabo. Perspiciatis molestias soluta autem laudantium nesciunt.
Nobis officiis repellat nisi debitis suscipit.",2023-12-01
238,496,5,"Nesciunt quibusdam error officia dicta dolorem nostrum.
Nesciunt perspiciatis magnam assumenda neque cum laborum.",2024-09-03
239,9,3,"Hic reprehenderit sequi placeat. Magni repudiandae quo sit dicta architecto. Velit inventore libero quaerat expedita.
Explicabo est labore nostrum laborum.",2023-10-28
240,93,3,"Voluptatum repudiandae occaecati omnis maxime ex. Error maiores culpa aliquid. Saepe iste iure reprehenderit.
Dignissimos ratione repudiandae error.",2024-02-28
241,82,14,"Hic ipsum iusto quia minima.
Veniam ab error doloremque fugit fuga vitae. Assumenda ducimus tempora officiis. Nesciunt voluptas necessitatibus velit eaque facere corporis nesciunt.",2023-10-29
242,156,13,Magni occaecati inventore quod. Possimus quam eos optio libero totam.,2025-01-29
243,455,18,Distinctio optio quod sint ducimus natus laudantium. Suscipit quam quos iure debitis sapiente quisquam.,2023-12-25
244,465,6,"Libero dolorem accusantium.
Unde voluptates ex ab nemo recusandae. Officiis accusamus esse iste beatae nostrum. Eum omnis facere quo.",2024-04-30
245,454,18,Quisquam itaque veniam incidunt quasi voluptatum. Eum earum unde sapiente dicta eos. Voluptatibus ab quos error facilis.,2024-01-29
246,186,16,"Cum consequatur sequi iure occaecati provident. Ut minima reprehenderit beatae. Pariatur a reprehenderit fugiat.
Doloribus laboriosam laudantium dicta voluptatum reprehenderit quidem.",2024-02-17
247,133,4,Quam dolorum commodi non libero provident. Aliquid ab consequuntur illum fugiat quis voluptas. Corrupti porro nemo ipsa impedit veniam voluptatibus.,2025-02-16
248,389,5,Ratione at iste debitis omnis ipsum. Magnam aut expedita distinctio. Vero nobis eligendi sapiente reprehenderit fugiat. Voluptas tempora quis sint ullam.,2024-07-22
249,153,14,Aspernatur perferendis harum sunt ullam culpa quae. Minima ullam dolor nam eveniet. Autem consequatur iste consequatur corporis adipisci. Rem at nesciunt voluptatum aspernatur nulla dolorem saepe.,2023-12-17
250,373,2,Illum distinctio cumque id distinctio totam. Tempora magni aliquid facilis doloribus. Tenetur repudiandae alias.,2023-10-17
251,455,20,Quae velit vero suscipit dolores maxime mollitia. Recusandae eligendi similique. Debitis et quod expedita quaerat quo libero.,2024-09-07
252,326,4,"Architecto quasi explicabo minus ipsa eum. Odio nisi qui eum architecto vel.
Natus recusandae culpa adipisci. Repellat rerum neque nesciunt molestias dignissimos culpa. Nobis eius temporibus facilis.",2023-12-25
253,240,1,"Assumenda iure saepe ad facere. Tenetur dignissimos harum voluptate voluptates pariatur.
Molestiae perspiciatis alias similique sequi voluptates consectetur. Vel quia nulla id quos.",2024-09-10
254,60,1,Vel voluptatibus est dignissimos inventore. Vel blanditiis incidunt alias sapiente. Eius eos aspernatur unde nesciunt.,2025-02-28
255,403,9,"Vel tempora beatae unde recusandae excepturi architecto dolorum.
Adipisci laborum enim ab qui necessitatibus. Consectetur dignissimos a sunt nostrum officiis mollitia.",2024-04-01
256,422,7,"Ut expedita perferendis soluta. Eum quos delectus reprehenderit.
Suscipit aliquam adipisci reprehenderit aut eum. Eaque quidem distinctio magnam repudiandae magni.",2025-01-22
257,405,16,Nihil suscipit aut provident eaque. Quis ullam fugiat placeat ratione laudantium voluptates. Culpa et sapiente inventore corporis cum.,2023-05-05
258,309,9,Facere voluptatem itaque et. Consequuntur nihil voluptas voluptatum recusandae. Hic voluptate numquam repellat quaerat. Excepturi ullam saepe.,2024-05-06
259,128,11,Molestiae ut odit unde exercitationem. Omnis impedit veritatis dicta. Aspernatur ut aspernatur.,2024-09-13
260,374,19,Autem quasi sint dicta quibusdam excepturi. Optio ex totam tenetur accusamus non minus atque. Quas atque at possimus iure ducimus.,2024-09-24
261,17,9,"Ad dolorum fugiat placeat beatae nisi sed. Dolorem qui sapiente porro.
Voluptatem molestias nihil. Nostrum eius facere.
Vel molestiae maiores officiis iusto dolores nobis. Ea nobis magni.",2024-09-16
262,64,15,"Quasi suscipit rem expedita. Veniam maxime id mollitia.
Alias atque id animi sunt fugiat. Laborum similique necessitatibus dignissimos magnam. Quia ducimus aut quia dicta consequatur vitae.",2023-07-10
263,116,8,Facilis vel reiciendis ratione a quibusdam. Mollitia explicabo dolore.,2023-07-05
264,6,19,Perferendis soluta expedita et illum tempora. Aperiam enim nobis ullam reprehenderit. Praesentium nulla quae non qui ad.,2024-09-10
265,164,19,"Fuga at maiores. Quasi impedit sint mollitia maxime.
Nobis ipsa doloremque vitae cumque ipsa neque odit. Nihil saepe consectetur esse cum impedit dolorem placeat.",2024-04-16
266,213,8,Ratione illum quae praesentium mollitia delectus natus quas. Quidem veniam voluptates et pariatur non quaerat. Sequi porro fuga.,2025-01-02
267,114,1,"Sequi molestias maiores ad iste. Ullam quisquam nesciunt asperiores suscipit reiciendis.
Vel quaerat ipsum illo. Quis magnam architecto.",2024-06-02
268,233,18,"Ut eligendi harum quaerat id maiores. Consectetur nemo eaque.
Fuga enim tempore aut possimus neque iusto.
Id eius repellendus sequi est. Dicta quisquam quos cupiditate.",2023-05-11
269,125,9,"Aut quia labore molestiae recusandae. Corrupti non odit explicabo sunt.
Occaecati nobis ut tempore quae impedit. Repudiandae laborum ex modi nulla ea voluptates.",2025-02-20
270,272,20,"Corrupti ipsum saepe mollitia.
Eveniet illum neque expedita.
Explicabo doloribus aliquam cum est modi. Neque repellat atque voluptate.",2023-07-15
271,36,16,Libero ducimus doloremque nihil nisi iste necessitatibus ducimus. Ducimus unde excepturi possimus veritatis. Quidem nobis error praesentium itaque eos aliquid reiciendis.,2025-01-13
272,229,11,Maiores atque omnis accusantium. Ipsam cumque quos aliquid provident nam asperiores. Reiciendis neque asperiores ullam ad. Dicta nobis iste perferendis ipsa fuga molestiae nihil.,2024-12-18
273,95,7,"Consequatur fugit tenetur sequi excepturi. Excepturi autem inventore.
Quia ullam corporis vero id illo atque. Laudantium facilis eveniet quibusdam ea asperiores officiis tenetur.",2023-08-28
274,70,6,"Velit ea molestias dolore neque culpa optio. Enim molestiae praesentium quae magnam. Quo aliquid nulla error corporis rem rem.
Occaecati sequi totam ex magnam.",2024-01-21
275,207,16,"Autem eos nostrum fugiat. Similique iste exercitationem. Molestias tenetur ducimus veniam sit cum.
Explicabo at ullam ullam hic quas dolor. Eaque dolores aperiam veritatis.",2025-03-03
276,285,19,"Eos doloremque voluptatem at nobis. Aliquid id occaecati atque consectetur dolorem ipsum.
Nobis minus minima qui porro repellat. Ratione quaerat praesentium.",2024-09-26
277,79,8,Enim in est iusto adipisci dicta ipsa. Aliquam alias odio a vel ut nemo.,2023-12-08
278,428,18,"Necessitatibus dolorem quidem deserunt.
Nam error fugit fugit.
Aspernatur optio quo corrupti quia. Doloremque laudantium atque necessitatibus. Suscipit nam molestiae perferendis.",2024-03-04
279,293,20,"Tenetur ipsum sint nihil mollitia.
Animi repudiandae repellendus exercitationem est culpa facilis. Dignissimos eius perferendis deserunt beatae. Debitis id officiis eaque aspernatur sit.",2025-02-14
280,106,7,Ab perferendis repudiandae veniam ducimus voluptatem pariatur. Animi quidem quae atque maxime doloremque cumque ipsam. Suscipit delectus assumenda repellat ipsa.,2025-01-21
281,424,19,Culpa corrupti quaerat voluptatum quibusdam harum iste. Iure dolorem non sunt.,2024-12-08
282,301,19,"Ex explicabo quas provident quibusdam. Ullam praesentium dolore cupiditate amet cum sit.
Provident recusandae suscipit perferendis doloremque ducimus neque. Amet ex veritatis facere exercitationem.",2024-05-20
283,116,11,"Aliquam mollitia explicabo quisquam. Maiores explicabo minima velit vel numquam.
Quaerat deleniti inventore nisi incidunt ipsa ea. Et animi aliquam est nulla.",2025-02-06
284,394,18,Repudiandae dolorum aspernatur. Rem sint autem possimus nemo natus nostrum. Pariatur quas voluptatum eligendi magni. Dolores occaecati explicabo deserunt.,2025-01-20
285,10,15,"Distinctio vitae quod aliquid vero vitae repellendus. Illum doloremque odio libero.
Quae eum maxime velit recusandae distinctio. Hic fugit cum officia porro ratione.",2023-05-05
286,332,12,"Amet veniam impedit facere quibusdam. Minus repudiandae autem temporibus velit.
Possimus sit nihil autem rem. Ea mollitia exercitationem saepe cum sapiente.",2024-01-08
287,219,4,"Numquam cupiditate saepe voluptatum incidunt. Occaecati harum repellendus magni harum.
Odio voluptates provident ipsa id.
Reiciendis aliquam id sit. Voluptate numquam placeat similique suscipit.",2025-01-02
288,311,4,Dicta unde suscipit fuga corrupti veritatis. Optio atque assumenda soluta recusandae laudantium debitis corporis. Iure cupiditate non ipsam deserunt eligendi iusto.,2025-02-11
289,318,14,Voluptate officiis nisi mollitia nisi consequuntur minima eius. Veniam voluptatibus harum eligendi.,2023-06-11
290,446,12,"Animi repellat quaerat ex culpa amet. Tempora eaque molestias fuga.
Magnam beatae eum provident facere adipisci. Iusto rem incidunt qui. Esse iure sit maxime veniam.",2024-11-09
291,281,7,Facere saepe pariatur pariatur veniam unde laudantium. Alias a placeat est quam unde ducimus.,2024-09-03
292,140,2,Fuga accusamus velit in porro. Sit facere alias numquam suscipit at. Sapiente impedit laudantium delectus.,2023-08-28
293,419,9,Optio neque laudantium expedita nesciunt. Ipsum harum nesciunt nostrum sit. Tenetur nisi eius illum.,2023-04-11
294,342,4,Aspernatur debitis enim libero dicta nobis. Impedit culpa similique harum inventore. Similique quam dicta sit consequatur.,2024-08-22
295,374,3,Vero laudantium porro est eaque. Nulla sapiente doloribus optio quam veritatis natus possimus.,2023-06-01
296,434,18,Enim officia facere fugit consequuntur cupiditate perspiciatis. Nobis totam ea corporis. Molestiae a a aliquam ullam.,2023-10-31
297,419,15,Nesciunt nulla quis at dolore quasi reiciendis. Debitis facere distinctio voluptatum. Tenetur et blanditiis alias tempore.,2025-02-16
298,476,17,Similique quidem distinctio molestiae molestiae magnam minima blanditiis. Debitis dicta nulla. Sunt a ratione necessitatibus alias porro blanditiis quisquam.,2024-07-07
299,349,4,"Sint dignissimos iure. Voluptate repellat nam ratione vel facere sapiente quo. Rerum modi dolor veritatis autem asperiores fuga mollitia.
Unde porro rem consequatur repudiandae animi error.",2023-05-06
300,363,17,Suscipit natus consequuntur dicta optio minus nulla beatae. Beatae aspernatur voluptates eos dicta.,2024-01-08
