CustomerID,Name,ContactInfo,DateJoined,Branch
1,April Chapman,5829788855 | loriwoods@williams.net,2020-06-12,"Kolkata, West Bengal"
2,Jerome Hernandez,(432)965-3697x491 | paul14@hotmail.com,2020-05-03,"Patna, Bihar"
3,Renee Petersen,+1-749-740-3915x477 | heidi87@washington-acosta.com,2021-07-28,"Surat, Gujarat"
4,Matthew Sharp,8710921437 | luceromarcus@gmail.com,2024-09-16,"Hyderabad, Telangana"
5,Brenda Schwartz,001-496-142-1590 | whitejustin@anderson.com,2022-08-03,"Indore, Madhya Pradesh"
6,Sarah Tucker,(508)461-6974 | andres27@gmail.com,2024-07-17,"Agra, Uttar Pradesh"
7,Virginia Mahoney,001-402-487-3694x65343 | cwillis@hernandez.com,2022-05-26,"Indore, Madhya Pradesh"
8,Cody Saunders,378.458.0167 | dawnmiller@hotmail.com,2021-02-14,"Mumbai, Maharashtra"
9,Tammy Lewis,988.516.0004 | sandersmatthew@gmail.com,2022-09-03,"Ludhiana, Punjab"
10,Andrew Adams,084-182-3944x431 | johnsilva@gmail.com,2023-07-15,"Patna, Bihar"
11,Brian Tate,990-052-5981x28951 | dgreene@gmail.com,2021-04-30,"Surat, Gujarat"
12,Stephanie Waters,910.552.6355 | haledarrell@burns.com,2023-08-14,"Vijayawada, Andhra Pradesh"
13,Jaime Watts,001-761-538-8761 | wrightmelissa@gmail.com,2022-06-04,"Hyderabad, Telangana"
14,Amanda Strong,140.204.6772x08873 | ksims@hotmail.com,2021-03-10,"Indore, Madhya Pradesh"
15,David Cummings,001-992-402-5894x87860 | coltoncole@holloway.com,2020-07-29,"Chennai, Tamil Nadu"
16,Timothy Chambers,(215)205-2832x985 | beverly13@yahoo.com,2020-08-08,"Bhopal, Madhya Pradesh"
17,Tyler Phillips,723-216-2107 | michelleharrell@gmail.com,2024-08-09,"Bangalore, Karnataka"
18,Laura Garcia,+1-999-383-6029x96145 | zavalamichael@yahoo.com,2020-12-30,"Patna, Bihar"
19,Dawn Grant,001-946-285-0008x3742 | khardin@gmail.com,2021-01-30,"Jaipur, Rajasthan"
20,Brandi Mullen,067.052.6738x387 | iclark@gmail.com,2023-10-14,"Agra, Uttar Pradesh"
21,Tammy Rodriguez,087.589.3880x45508 | jensenjames@gmail.com,2023-08-29,"Bangalore, Karnataka"
22,Michael Simmons,147.842.8946x573 | meganwright@bright.com,2021-10-29,"Hyderabad, Telangana"
23,Lonnie Page,(122)689-8241x6521 | sheila50@barrett-wall.org,2020-11-07,"Pune, Maharashtra"
24,Joseph Haynes,2686015021 | dhunter@parker-williams.com,2025-02-24,"Kolkata, West Bengal"
25,Dave Lowe,(135)733-7362 | philipjohnson@king.com,2020-06-10,"Mumbai, Maharashtra"
26,Allison Horton,(998)975-3318x938 | riosdeborah@avila.org,2023-10-05,"Kanpur, Uttar Pradesh"
27,Leroy Oliver,664-331-2830x549 | morenokevin@stout.com,2021-12-01,"Jaipur, Rajasthan"
28,Jason Robinson,+1-302-083-6702 | barbara76@gmail.com,2023-07-21,"Delhi, Delhi"
29,Rachael Evans,661-227-6440x9403 | zmorrison@yahoo.com,2023-07-25,"Kolkata, West Bengal"
30,Daniel Henderson,+1-296-800-9452x385 | pchambers@miller-smith.com,2022-10-25,"Lucknow, Uttar Pradesh"
31,James Chandler,+1-141-147-9118 | crowe@park.biz,2021-11-21,"Mumbai, Maharashtra"
32,Robert Trujillo,(910)717-4922 | neilchurch@barrett.org,2024-03-25,"Kanpur, Uttar Pradesh"
33,Lisa Richardson,(604)247-3117 | awright@hotmail.com,2021-12-20,"Ludhiana, Punjab"
34,Todd Palmer,(886)586-5844 | kimdonovan@hotmail.com,2022-09-03,"Jaipur, Rajasthan"
35,Jesse Morgan,(727)648-3053x59724 | kellyjessica@evans.com,2022-01-09,"Kolkata, West Bengal"
36,Michael Buchanan,+1-311-701-6936 | garyanderson@hotmail.com,2020-03-22,"Agra, Uttar Pradesh"
37,Terrence Lewis,+1-054-849-5651x628 | anna61@turner-singleton.com,2020-03-25,"Ludhiana, Punjab"
38,Robert Flowers,449.400.9689 | michellehernandez@mcgee.com,2022-06-12,"Ahmedabad, Gujarat"
39,Olivia Evans,001-972-014-5256x18950 | alyssa30@yahoo.com,2024-07-23,"Bangalore, Karnataka"
40,Melissa Merritt,(583)252-5127 | gregory81@weber.biz,2022-09-19,"Chennai, Tamil Nadu"
41,Elizabeth Byrd,+1-788-355-4346x3101 | dennis72@jenkins.com,2022-05-08,"Hyderabad, Telangana"
42,Jacob Davis,856.014.1695x928 | stevenward@yahoo.com,2023-07-29,"Coimbatore, Tamil Nadu"
43,Shawn Chapman,019.793.7596 | jimenezgerald@hotmail.com,2025-02-08,"Indore, Madhya Pradesh"
44,Sara Long,+1-751-488-0224x493 | wschmidt@williams.com,2023-11-06,"Lucknow, Uttar Pradesh"
45,Katherine Smith,001-929-776-6167x0320 | monica75@yahoo.com,2022-04-05,"Coimbatore, Tamil Nadu"
46,Julie Goodwin,567-037-2589x58286 | whitewilliam@gmail.com,2020-05-02,"Vijayawada, Andhra Pradesh"
47,Gary Joyce,741-240-3997x78662 | kenneth53@hotmail.com,2025-02-15,"Bhopal, Madhya Pradesh"
48,Angelica Hernandez,483.017.4034x88673 | christinamitchell@gmail.com,2020-08-16,"Vijayawada, Andhra Pradesh"
49,Tyler Reed,892.579.0544x22867 | melindaferrell@gmail.com,2024-07-09,"Vijayawada, Andhra Pradesh"
50,Catherine Brown,+1-233-553-9176x879 | kristigould@hotmail.com,2021-12-31,"Bhopal, Madhya Pradesh"
51,Nicholas Knapp,514-392-2410x3412 | ruth17@anderson-jefferson.com,2020-04-24,"Nagpur, Maharashtra"
52,Erin Ferguson,208.246.6333x45869 | ronaldball@rice.net,2020-12-12,"Bhopal, Madhya Pradesh"
53,Patricia Reeves,(210)577-5144 | carolyn50@johnson.com,2023-10-13,"Lucknow, Uttar Pradesh"
54,Tammy Jackson,032.402.7806 | sweeneydeborah@gmail.com,2022-07-22,"Indore, Madhya Pradesh"
55,Heather Sanchez,+1-039-613-9338x63825 | nicholasmurphy@kelley.com,2023-09-07,"Bangalore, Karnataka"
56,Larry Brown,3789287173 | gcain@adams-koch.com,2023-05-05,"Surat, Gujarat"
57,Maria Roberts,+1-611-150-1998 | schwartzcheryl@hotmail.com,2020-12-01,"Kanpur, Uttar Pradesh"
58,Patricia Lewis,+1-312-474-5546x00441 | joseph85@rogers.com,2021-05-23,"Kolkata, West Bengal"
59,Stephanie Diaz,001-347-191-3105x6694 | qschneider@lewis.net,2022-09-19,"Nagpur, Maharashtra"
60,Laura Davis,(491)565-8913x8501 | jason64@gmail.com,2020-10-26,"Ahmedabad, Gujarat"
61,James Clark,(645)046-6978x03358 | tammywilliams@hotmail.com,2020-07-19,"Patna, Bihar"
62,Anthony Barron,(209)354-9047x26656 | dakotatucker@hotmail.com,2024-04-18,"Coimbatore, Tamil Nadu"
63,Diane Mcconnell,850.866.0577x60596 | james53@johnston-morrow.info,2022-05-22,"Pune, Maharashtra"
64,Michael Berg,618-493-8421x4471 | johnathanrhodes@yahoo.com,2023-08-03,"Jaipur, Rajasthan"
65,Paul Ramos,+1-422-031-5870x343 | moranbrittany@gmail.com,2022-04-22,"Mumbai, Maharashtra"
66,Mr. Bryan Herrera,424-875-7353x4316 | rcain@simpson.net,2022-02-25,"Jaipur, Rajasthan"
67,Evelyn Bird,(114)218-6233 | ysloan@hotmail.com,2022-01-17,"Bhopal, Madhya Pradesh"
68,Kimberly Stewart,+1-384-920-2339x785 | angela09@davis-luna.org,2024-03-28,"Hyderabad, Telangana"
69,Bryan Ponce,(357)473-0769 | valdezchristine@hotmail.com,2021-03-09,"Agra, Uttar Pradesh"
70,Carol Riley,854-360-6537 | ashley16@benton-gutierrez.com,2025-01-06,"Bangalore, Karnataka"
71,Mary Johnson,375-259-4780 | prattmatthew@hotmail.com,2020-05-17,"Bangalore, Karnataka"
72,Daniel Marsh,(299)153-0852x00298 | kenneth37@yahoo.com,2023-11-10,"Ludhiana, Punjab"
73,Hannah Carter,+1-219-241-0203 | joshuajohnston@hood.com,2022-06-28,"Bhopal, Madhya Pradesh"
74,Melanie Miller,001-362-995-5246 | keithkevin@parker.com,2020-07-13,"Mumbai, Maharashtra"
75,Christine Vazquez,650.030.3109x620 | pacejason@hotmail.com,2022-12-05,"Coimbatore, Tamil Nadu"
76,Stefanie Patterson,371.624.4425 | watkinsjessica@hotmail.com,2020-03-30,"Chennai, Tamil Nadu"
77,Mark Johnson,430-820-7411x708 | vsnyder@gmail.com,2022-06-20,"Indore, Madhya Pradesh"
78,Kathleen Lee,(392)723-7763 | jasonmcintosh@yahoo.com,2025-01-31,"Pune, Maharashtra"
79,Stacy Hoffman,375.920.0099x666 | megannelson@hotmail.com,2022-05-19,"Hyderabad, Telangana"
80,Ethan Ramirez,941.986.4603 | uperez@rodriguez.com,2022-01-08,"Kolkata, West Bengal"
81,Cindy Smith,001-603-438-1376x4990 | stacy10@garcia.net,2024-05-19,"Ludhiana, Punjab"
82,Rebecca Ayala,+1-031-586-8054 | kathryncarey@adams-mckinney.com,2021-04-15,"Lucknow, Uttar Pradesh"
83,Jeanette Johnson,166-905-6251 | johnlittle@yahoo.com,2024-03-20,"Bhopal, Madhya Pradesh"
84,Alexander Fuller,+1-466-858-9528x722 | caitlin26@olson.biz,2020-04-29,"Indore, Madhya Pradesh"
85,Caitlin Ford,673.491.3647 | danielgreene@gmail.com,2023-06-15,"Agra, Uttar Pradesh"
86,Heather Webb,(444)577-0908x509 | mnixon@gmail.com,2024-04-13,"Bhopal, Madhya Pradesh"
87,Paul Smith,+1-051-960-2993x3286 | nkent@yahoo.com,2022-08-17,"Surat, Gujarat"
88,Joshua Rogers,(817)143-4229x90668 | angela57@gmail.com,2023-10-08,"Vijayawada, Andhra Pradesh"
89,Jordan Arnold,777-281-0806x1901 | keith15@hotmail.com,2020-06-27,"Kanpur, Uttar Pradesh"
90,Lisa Young,613.894.0176 | johnsonross@powell.net,2024-05-24,"Hyderabad, Telangana"
91,Brandon Hernandez,618.437.7558x7174 | duncanjoshua@gmail.com,2023-09-08,"Indore, Madhya Pradesh"
92,Thomas Jarvis,+1-309-197-4964x016 | mmyers@gmail.com,2022-04-30,"Mumbai, Maharashtra"
93,Julie Kane,850.921.4269x59018 | zwilliams@hotmail.com,2021-02-18,"Vijayawada, Andhra Pradesh"
94,Miguel Braun,+1-878-474-9769 | debrasimpson@hotmail.com,2021-02-04,"Surat, Gujarat"
95,James Oliver,146.210.8490 | dpeters@hotmail.com,2023-05-08,"Surat, Gujarat"
96,Stephanie Gibson,957-945-3015 | jacobjenkins@yahoo.com,2023-06-15,"Patna, Bihar"
97,Christina Weaver,+1-133-916-7874x8921 | jacksonderek@douglas-hood.org,2025-03-02,"Indore, Madhya Pradesh"
98,James Dawson,954.749.5839x2107 | curtismelissa@farrell.com,2024-04-23,"Ahmedabad, Gujarat"
99,Jennifer Barton,001-464-268-8006x24591 | ehartman@caldwell.com,2022-08-18,"Bangalore, Karnataka"
100,Matthew Robbins,455-795-4776x668 | joshuareynolds@hotmail.com,2021-04-18,"Ahmedabad, Gujarat"
101,Nicole Cummings,691.933.3832x8290 | morganmelissa@hotmail.com,2025-03-05,"Agra, Uttar Pradesh"
102,Kathy Perry,001-096-262-7499x787 | nandrews@hotmail.com,2022-10-05,"Mumbai, Maharashtra"
103,Ryan Malone,001-033-357-5313x5212 | tranjulie@carson.com,2021-03-25,"Jaipur, Rajasthan"
104,Amy Graves,224-215-1351 | vmurphy@dunn.net,2024-04-19,"Mumbai, Maharashtra"
105,Robin Williamson,001-436-629-1798x6335 | monica28@gmail.com,2023-07-04,"Surat, Gujarat"
106,Robert Anderson,(530)070-1546x54953 | scottsteven@gmail.com,2023-10-05,"Ludhiana, Punjab"
107,James Saunders,(105)867-0825x368 | xcollier@jones.com,2023-03-29,"Patna, Bihar"
108,Matthew Blackburn,(439)485-1125x4058 | sharonsilva@scott.com,2020-03-19,"Hyderabad, Telangana"
109,Julie Le,+1-178-914-2289x9750 | michaeldecker@hotmail.com,2021-06-04,"Bangalore, Karnataka"
110,Fernando Ramirez,(873)710-1179x42922 | curtis66@mcintyre-williams.com,2024-07-06,"Agra, Uttar Pradesh"
111,Carlos Melendez,914-357-5171 | rherrera@garcia-bryant.biz,2022-03-14,"Surat, Gujarat"
112,Lisa Gallagher,926.047.5523x4200 | barnesnathan@yahoo.com,2021-10-10,"Delhi, Delhi"
113,Kevin Johnston,(935)416-5134x4097 | peggy29@barnes.net,2023-10-13,"Bangalore, Karnataka"
114,Deanna Joyce,241-195-6510x1401 | tyler18@oconnor-murray.net,2022-05-24,"Vijayawada, Andhra Pradesh"
115,Mary Garrison,(264)853-9771x48123 | dmartinez@wright.net,2022-12-16,"Kolkata, West Bengal"
116,Danny Copeland,+1-124-514-8948x2866 | molly78@gilmore-baker.com,2022-08-04,"Mumbai, Maharashtra"
117,Ashley Robinson,429-762-1400 | jason39@yahoo.com,2021-02-18,"Chennai, Tamil Nadu"
118,Anna Cook,001-655-972-7803x30003 | ygreen@gmail.com,2025-03-12,"Ludhiana, Punjab"
119,Angel Johnson,(663)636-9678 | william12@gmail.com,2023-11-19,"Jaipur, Rajasthan"
120,Gary Rivera,+1-200-820-9854 | tiffanycarter@wells-ortiz.com,2022-10-07,"Delhi, Delhi"
121,Brittany Walton,081-653-9243x8376 | theresasmith@gmail.com,2021-01-16,"Kolkata, West Bengal"
122,Leonard Gill,9604825628 | ksmith@lee.com,2022-09-14,"Patna, Bihar"
123,Sarah Smith,653.549.0457 | ublack@adkins-smith.net,2024-11-24,"Pune, Maharashtra"
124,Lindsey Lewis,015.075.0657 | zjohnson@woodward.com,2023-08-23,"Nagpur, Maharashtra"
125,Holly Campbell,2096320290 | vanessa70@dixon-ray.net,2021-07-28,"Bhopal, Madhya Pradesh"
126,Peter Mullins,990-665-4539x335 | lopezrobert@taylor.com,2020-10-11,"Pune, Maharashtra"
127,Robin Castro,077-304-2694 | jeremygreen@yahoo.com,2024-06-03,"Bhopal, Madhya Pradesh"
128,Mark Marquez,001-356-294-6808x24184 | kspencer@rodriguez.com,2020-05-16,"Indore, Madhya Pradesh"
129,Beth Smith,(360)028-9841x71172 | kristina46@anthony.com,2024-02-01,"Mumbai, Maharashtra"
130,Christopher Green,(317)671-3583 | smithbecky@stephens.biz,2021-03-11,"Hyderabad, Telangana"
131,Stephanie Graves,001-692-444-1550x2816 | jessicaobrien@gmail.com,2020-04-03,"Chennai, Tamil Nadu"
132,James Harrison,(748)372-2978 | jenningsguy@gill.net,2022-09-24,"Indore, Madhya Pradesh"
133,Carmen Massey,278-510-1704 | richjoshua@meyers-nguyen.org,2024-08-12,"Kanpur, Uttar Pradesh"
134,Russell Kennedy,349-791-4150x14849 | lesliephelps@gmail.com,2021-12-14,"Nagpur, Maharashtra"
135,Michael Osborne,001-920-468-9532x4569 | lawsoncorey@yahoo.com,2023-08-05,"Patna, Bihar"
136,James Ramsey,+1-022-035-5401 | huangbarbara@yahoo.com,2021-07-23,"Patna, Bihar"
137,Ashley Hartman,949.230.4958x731 | jamessmith@gmail.com,2023-02-01,"Lucknow, Uttar Pradesh"
138,Bethany Lee,704.706.2295x16431 | cheryl07@hotmail.com,2021-09-12,"Indore, Madhya Pradesh"
139,Eric Young,001-658-740-9182x0873 | davidwhitaker@anderson.com,2023-12-07,"Delhi, Delhi"
140,Thomas Navarro DVM,149-243-0299x944 | samuel97@wright-ruiz.com,2024-02-04,"Bangalore, Karnataka"
141,Matthew Nichols,016-801-9573 | jonesbrian@yahoo.com,2020-09-19,"Vijayawada, Andhra Pradesh"
142,Jennifer Keller,+1-598-533-9967x2930 | fjackson@gmail.com,2021-01-26,"Chennai, Tamil Nadu"
143,Amy Anderson,0789672992 | christophercannon@gmail.com,2020-05-02,"Chennai, Tamil Nadu"
144,Steve Howard,1944076095 | rodriguezjodi@yahoo.com,2020-07-14,"Nagpur, Maharashtra"
145,Jennifer Thompson,(466)496-3060x242 | marilynvelasquez@harris-wilson.biz,2022-08-27,"Kanpur, Uttar Pradesh"
146,Charles Bryan,445.065.8269 | taylordavid@hotmail.com,2024-02-01,"Ludhiana, Punjab"
147,Kiara Henry,825.076.8569 | imartin@miller.com,2022-01-31,"Pune, Maharashtra"
148,Melinda Mitchell,740.604.4380 | espinozadeborah@scott-paul.org,2021-08-24,"Coimbatore, Tamil Nadu"
149,Katherine Jackson,(283)011-1175x7056 | ddavis@alexander.info,2021-06-26,"Delhi, Delhi"
150,Emma Patterson,546-523-1730x3536 | annette22@hotmail.com,2023-11-26,"Ahmedabad, Gujarat"
151,Timothy Doyle MD,806.922.2391x025 | washingtonruben@yahoo.com,2020-08-23,"Indore, Madhya Pradesh"
152,Cody Benjamin,031.030.7491x46923 | wagneraudrey@khan-taylor.com,2024-05-03,"Agra, Uttar Pradesh"
153,Dawn Jackson,(097)359-4654 | brett97@gmail.com,2023-09-14,"Lucknow, Uttar Pradesh"
154,Catherine Keith,034-677-2148x2274 | thomasbrian@gmail.com,2024-07-26,"Chennai, Tamil Nadu"
155,Timothy Williams,001-226-459-7613 | brandonjones@estrada.info,2020-10-20,"Hyderabad, Telangana"
156,Hannah Waller,(008)247-9140 | carrillochristine@smith-jackson.com,2024-07-19,"Pune, Maharashtra"
157,Laura Jordan,5886691096 | iholloway@ryan-lewis.biz,2024-03-06,"Ahmedabad, Gujarat"
158,Sarah Maldonado,108-581-9468 | martinjessica@gmail.com,2022-10-02,"Lucknow, Uttar Pradesh"
159,Peter Lee,576.981.4220 | apowell@hotmail.com,2021-11-10,"Kanpur, Uttar Pradesh"
160,Elizabeth Carroll,797.891.4814 | linda51@gmail.com,2022-04-27,"Ludhiana, Punjab"
161,Alexis Chen,856.558.8340x7972 | isaaccastillo@yahoo.com,2021-10-18,"Mumbai, Maharashtra"
162,Jeremy Vang,(503)660-6289x396 | amy18@hotmail.com,2024-06-08,"Patna, Bihar"
163,Gregory Davis,+1-265-946-2883 | allenshannon@hotmail.com,2021-08-05,"Kanpur, Uttar Pradesh"
164,Kathy Garcia,001-845-530-8220 | elizabethbaker@gmail.com,2022-04-22,"Indore, Madhya Pradesh"
165,Gabriel Schultz,290.882.3203 | hamptonjason@gmail.com,2021-10-23,"Lucknow, Uttar Pradesh"
166,Amber Bird,455-998-4779x77623 | scottadam@gmail.com,2020-06-10,"Agra, Uttar Pradesh"
167,Bruce Duffy,001-335-755-3198x24449 | juliaedwards@gilbert-moran.org,2022-05-09,"Bangalore, Karnataka"
168,Mr. David Fleming,789.234.1907 | connor71@jimenez.com,2021-04-08,"Lucknow, Uttar Pradesh"
169,Kelly Wise,704.740.8098x006 | josenunez@yahoo.com,2022-07-27,"Vijayawada, Andhra Pradesh"
170,Caitlin Brown,857-141-6795 | garciabrenda@yahoo.com,2024-01-27,"Indore, Madhya Pradesh"
171,George Gibbs,001-402-762-4588x8366 | pclark@garcia.com,2024-01-01,"Coimbatore, Tamil Nadu"
172,Andrea Rodriguez,001-713-342-9203x845 | heatherray@gmail.com,2022-01-07,"Lucknow, Uttar Pradesh"
173,Gary Kramer,001-872-448-1659x2091 | xruiz@yahoo.com,2022-05-16,"Bhopal, Madhya Pradesh"
174,Renee Ellis,188.157.6133 | ireynolds@hotmail.com,2021-12-20,"Pune, Maharashtra"
175,Denise Pena,655.426.2620 | lsanders@cooper.biz,2024-03-07,"Indore, Madhya Pradesh"
176,Gabrielle James,(966)218-0738x04462 | jason17@wells.info,2020-04-18,"Vijayawada, Andhra Pradesh"
177,Jason Hicks,(521)626-3116x5015 | kristinreed@hotmail.com,2024-10-04,"Kanpur, Uttar Pradesh"
178,David Shepard,+1-466-168-9017x84631 | tapiadiane@peterson-powell.com,2022-11-05,"Mumbai, Maharashtra"
179,Stephanie Jensen,616-760-2697x85855 | julie68@allen-davis.biz,2022-01-30,"Coimbatore, Tamil Nadu"
180,Joseph Hernandez,010-719-9135 | kevin98@hotmail.com,2024-01-22,"Mumbai, Maharashtra"
181,Molly Ramos,+1-844-404-1852 | mmartinez@hotmail.com,2022-06-11,"Surat, Gujarat"
182,Susan Robinson,9219498357 | bpetersen@gmail.com,2023-11-27,"Kanpur, Uttar Pradesh"
183,Dean Macias,+1-207-829-7034x35483 | tracydavidson@bird.com,2021-04-12,"Hyderabad, Telangana"
184,Stanley Espinoza,001-532-488-8950x74339 | louisrojas@wright-smith.net,2021-08-29,"Bhopal, Madhya Pradesh"
185,Jasmine Walker,001-093-327-5136x820 | crivers@wood-hodges.com,2022-04-07,"Jaipur, Rajasthan"
186,Shannon Mcgee,323-580-0120x498 | todddelgado@yahoo.com,2022-03-14,"Patna, Bihar"
187,Danielle Williams,498-681-9296 | darrellphillips@gmail.com,2020-07-20,"Agra, Uttar Pradesh"
188,Kimberly Miller,+1-795-594-1914x8110 | torresashley@stevens.org,2022-11-17,"Patna, Bihar"
189,Adam Nelson,9396723312 | millerkatie@gmail.com,2021-10-24,"Lucknow, Uttar Pradesh"
190,Teresa Oconnell,+1-049-584-7794 | bankschelsea@kelley.info,2022-10-24,"Nagpur, Maharashtra"
191,Steve Dean,+1-587-527-1433x275 | barbarasmith@cook.biz,2024-05-31,"Ahmedabad, Gujarat"
192,William Howell,001-365-176-2290 | matthew30@thompson.com,2023-12-06,"Agra, Uttar Pradesh"
193,Denise Rodriguez,865.159.8180 | denisebailey@guerrero.net,2023-02-03,"Kolkata, West Bengal"
194,Sean Dudley,593.159.3818 | valdezmarvin@gmail.com,2023-11-02,"Delhi, Delhi"
195,Andrea Anderson,(230)899-6625 | garciavincent@yahoo.com,2024-03-26,"Jaipur, Rajasthan"
196,Shannon Hayden,001-505-251-0642x068 | mccannadam@yahoo.com,2020-03-31,"Ludhiana, Punjab"
197,Kevin Bell,055.711.4223 | davisrebecca@flores.com,2022-02-10,"Surat, Gujarat"
198,Dillon Melton,(749)469-2310 | sheriortiz@yahoo.com,2020-06-29,"Vijayawada, Andhra Pradesh"
199,Sherry Bailey,+1-392-705-3577x9079 | angelavargas@kelley-kim.com,2024-10-18,"Mumbai, Maharashtra"
200,Ana Elliott,2696380334 | wmartin@chavez-williams.com,2021-06-09,"Nagpur, Maharashtra"
201,Mrs. Christy Garcia,023.959.0638x123 | cassandra73@gmail.com,2021-05-02,"Ludhiana, Punjab"
202,Shannon Collins,+1-679-220-6063x838 | justinkim@gmail.com,2022-01-14,"Bangalore, Karnataka"
203,Matthew Thompson,859.971.0745x1288 | katherinecampbell@gmail.com,2021-03-19,"Patna, Bihar"
204,Lauren Bruce,+1-894-919-5219x03988 | cgarcia@dunn.com,2021-12-11,"Ahmedabad, Gujarat"
205,Nicholas Evans,+1-360-646-0715x05766 | tgarcia@hays.com,2021-12-02,"Ahmedabad, Gujarat"
206,Sonya Malone,844.511.4433x05328 | jvega@lee-roberts.info,2022-07-12,"Agra, Uttar Pradesh"
207,Julia Smith,(110)079-0820 | kim51@gmail.com,2024-05-24,"Bhopal, Madhya Pradesh"
208,Ethan Gonzalez,078.543.1064x8591 | smiller@hotmail.com,2021-10-20,"Chennai, Tamil Nadu"
209,James Cunningham,9146288667 | kimberlybrown@long.com,2024-05-05,"Patna, Bihar"
210,Gary Farrell,7819011959 | matthewshort@olson.com,2022-03-12,"Mumbai, Maharashtra"
211,Charles Rodriguez,+1-935-459-2655 | zlopez@gmail.com,2020-09-02,"Kanpur, Uttar Pradesh"
212,Zachary Bell,131-947-5162 | bellbeth@gmail.com,2023-06-19,"Patna, Bihar"
213,Alexandra Jones,569-869-4854x8903 | davischelsey@tate-galloway.net,2024-05-25,"Coimbatore, Tamil Nadu"
214,Marvin Swanson,001-642-724-8688 | howardrodriguez@hotmail.com,2024-06-03,"Kanpur, Uttar Pradesh"
215,Joshua Valencia,797.628.1099x9025 | peggymarquez@simmons.com,2024-06-14,"Agra, Uttar Pradesh"
216,Taylor Williams,001-423-683-3377x927 | ofreeman@yahoo.com,2024-01-31,"Bhopal, Madhya Pradesh"
217,Brandon Wright,458.944.2969 | brandonhall@baker.info,2021-04-23,"Hyderabad, Telangana"
218,Amanda Rodriguez,+1-905-410-8191x58767 | sydneywilliams@hotmail.com,2024-12-09,"Indore, Madhya Pradesh"
219,Anthony Davis,095-064-8908x465 | ecarroll@jones.com,2023-04-30,"Delhi, Delhi"
220,Daniel Manning,001-809-479-0860x28565 | williamsashley@rodgers.com,2020-07-09,"Lucknow, Uttar Pradesh"
221,Nichole Aguilar,4493043110 | catherine71@terry.com,2024-11-04,"Hyderabad, Telangana"
222,Matthew Solomon,751.535.1961 | josephcarter@gmail.com,2024-09-30,"Mumbai, Maharashtra"
223,Robert Allen,883.123.1928x63355 | taylorscott@hotmail.com,2023-03-24,"Nagpur, Maharashtra"
224,Craig Carter,+1-516-079-6629x571 | woodamy@yahoo.com,2023-06-01,"Surat, Gujarat"
225,Amanda Walls,606.380.7782x70090 | emilygeorge@gmail.com,2022-07-22,"Patna, Bihar"
226,Heather Weaver,(890)449-1901x2620 | jacobwilliams@cox.com,2023-07-15,"Surat, Gujarat"
227,Krista Avila,975-493-8680 | garretterik@love.com,2021-07-18,"Agra, Uttar Pradesh"
228,Steven Hall,882.245.3605 | graytiffany@rivera.net,2022-03-28,"Kolkata, West Bengal"
229,Lorraine Kramer,(141)417-8708x1740 | owensalexander@long.net,2022-01-10,"Lucknow, Uttar Pradesh"
230,Gary King,001-824-860-3522x30887 | kwalker@vasquez-smith.com,2021-11-13,"Chennai, Tamil Nadu"
231,Kevin Anderson,171.890.7486x314 | derricksanders@thompson.com,2023-05-16,"Vijayawada, Andhra Pradesh"
232,Jennifer Kennedy,431-810-6218x743 | ilarson@barker.com,2020-10-15,"Agra, Uttar Pradesh"
233,Todd Holden,(954)894-7159 | susanbranch@wood.com,2022-07-05,"Hyderabad, Telangana"
234,Jeffrey Yang,+1-741-977-4211x2207 | pwilliams@gmail.com,2020-05-13,"Pune, Maharashtra"
235,David Hunt,(914)519-4253 | adrianjones@villarreal.com,2021-03-15,"Indore, Madhya Pradesh"
236,Raymond Stevens,974.430.0417x342 | markwhite@thomas-mckinney.com,2024-11-29,"Vijayawada, Andhra Pradesh"
237,Charles Acevedo,244-997-8667 | williamprice@hotmail.com,2022-11-11,"Agra, Uttar Pradesh"
238,Nicholas Elliott,+1-897-683-5116x0684 | shane21@yahoo.com,2023-09-26,"Pune, Maharashtra"
239,Linda Johnson MD,072.071.8108 | dfowler@gmail.com,2021-08-28,"Lucknow, Uttar Pradesh"
240,Amy Ho,200-431-7167 | jsmith@gmail.com,2023-03-04,"Agra, Uttar Pradesh"
241,Sandra Hernandez,001-272-409-9166 | regina29@yahoo.com,2022-03-15,"Nagpur, Maharashtra"
242,Lisa Gonzalez,567.819.5615x0602 | janice46@wilson-johnson.com,2020-08-29,"Ludhiana, Punjab"
243,Michelle Schroeder,5801570330 | michaelwhite@hill.net,2021-06-05,"Agra, Uttar Pradesh"
244,Willie Keith,+1-906-067-9814x9171 | peter40@nelson-shaw.com,2020-09-14,"Nagpur, Maharashtra"
245,Anna White,541.413.9929x695 | robertsonjames@harris-richardson.org,2024-03-31,"Kolkata, West Bengal"
246,Mary Conway,(607)653-8850x9948 | prodgers@gmail.com,2023-02-28,"Coimbatore, Tamil Nadu"
247,Patricia Russell,001-180-566-0046x12514 | agill@taylor-miller.com,2022-09-16,"Kolkata, West Bengal"
248,Gary Hill,(425)090-9887x17082 | diazkristy@yahoo.com,2021-09-21,"Vijayawada, Andhra Pradesh"
249,Jessica Khan,199.262.8633 | alex36@gmail.com,2022-03-06,"Hyderabad, Telangana"
250,Mr. Daniel Rowe,692.427.2827x862 | aprilwu@ford.org,2021-04-14,"Ahmedabad, Gujarat"
251,Craig Parsons,641-775-8045x543 | gclay@hunter-hill.org,2024-09-20,"Jaipur, Rajasthan"
252,Ms. Marilyn Robertson,001-282-660-2039x0029 | zacharyowen@barnes.com,2023-05-05,"Bhopal, Madhya Pradesh"
253,Lorraine Lee,001-601-943-3414 | erinsimmons@hotmail.com,2020-05-25,"Agra, Uttar Pradesh"
254,Kimberly Crawford,(929)565-6218 | manuel53@anderson.net,2022-04-26,"Kanpur, Uttar Pradesh"
255,John Flores,524.861.1646x99711 | hillkathy@hotmail.com,2022-07-18,"Chennai, Tamil Nadu"
256,Valerie Murray,0281950718 | normaadams@mayer.com,2020-12-10,"Vijayawada, Andhra Pradesh"
257,Mikayla Hernandez,+1-288-210-2782x761 | elizabeth59@gmail.com,2022-05-09,"Nagpur, Maharashtra"
258,Adam Mcclain,001-197-360-4018x11439 | jmcdonald@sanchez-carter.com,2023-09-16,"Hyderabad, Telangana"
259,Carlos Espinoza,188-817-1841x45520 | jenkinssteven@hotmail.com,2020-11-11,"Kanpur, Uttar Pradesh"
260,Michael Gregory Jr.,001-634-224-3570x2776 | steven73@harrison.net,2022-07-27,"Indore, Madhya Pradesh"
261,Sean Patrick,627.696.8241x156 | bushmarvin@hotmail.com,2024-07-30,"Coimbatore, Tamil Nadu"
262,Christina Martin,776.188.1295 | robert64@hotmail.com,2020-08-27,"Ahmedabad, Gujarat"
263,Melissa Blair,001-740-514-9636 | gthompson@yahoo.com,2022-07-01,"Surat, Gujarat"
264,Joseph Lambert,+1-058-473-4296x8359 | andrew71@jones-hamilton.info,2022-08-10,"Vijayawada, Andhra Pradesh"
265,Marie Taylor,271.304.8179x903 | uromero@yahoo.com,2020-08-21,"Surat, Gujarat"
266,Todd Barnes,289.574.3615 | sarah01@yahoo.com,2023-02-14,"Agra, Uttar Pradesh"
267,Justin Young,+1-733-009-6436x125 | fburton@gmail.com,2023-02-18,"Hyderabad, Telangana"
268,Patrick Dillon,6487328207 | kennethcurry@yahoo.com,2020-11-08,"Nagpur, Maharashtra"
269,Laura Sanders,607.870.4945 | cody64@yahoo.com,2022-04-17,"Indore, Madhya Pradesh"
270,Thomas Wilkins,386-671-2364x716 | nherrera@gmail.com,2024-02-20,"Ahmedabad, Gujarat"
271,Mary Flores,368-435-1032 | joseph32@mccoy-moore.com,2024-03-23,"Ahmedabad, Gujarat"
272,Amy Reynolds,427-266-9924 | bjohnston@yahoo.com,2024-05-13,"Lucknow, Uttar Pradesh"
273,Cody Copeland,+1-176-809-6894x008 | john11@tyler.com,2024-02-14,"Indore, Madhya Pradesh"
274,Colleen Martin,001-811-242-0818x21478 | michaelmontes@hotmail.com,2023-07-08,"Ahmedabad, Gujarat"
275,Maria Elliott,001-681-921-4646x215 | douglas98@yahoo.com,2022-06-25,"Mumbai, Maharashtra"
276,Miguel Clark,(018)159-0665 | qbush@yahoo.com,2021-09-09,"Ahmedabad, Gujarat"
277,David Frank,938-241-5054x260 | moorebrittney@hotmail.com,2024-08-29,"Jaipur, Rajasthan"
278,Tanya Frey,(330)917-2696 | jenniferatkinson@johnson.net,2020-10-21,"Chennai, Tamil Nadu"
279,Christina Padilla,001-530-526-2428x6927 | simmonsadam@bentley-berry.com,2022-10-01,"Bhopal, Madhya Pradesh"
280,Charles Fleming,4858414134 | hicksheather@gonzales-carlson.com,2023-10-27,"Delhi, Delhi"
281,Jessica Cook,9584972108 | parkerpittman@barajas.com,2025-01-24,"Kolkata, West Bengal"
282,John Meza,+1-022-923-6984x64985 | ulozano@yahoo.com,2021-12-16,"Kolkata, West Bengal"
283,Jennifer Schultz,5306398070 | clucas@hotmail.com,2023-05-12,"Patna, Bihar"
284,Daniel Thompson,+1-292-878-5210 | jasmine94@gmail.com,2023-02-06,"Ludhiana, Punjab"
285,Victoria Phillips,+1-602-873-5572x984 | millernicholas@smith.net,2020-09-17,"Pune, Maharashtra"
286,Ronald Smith,(870)149-3208x5996 | williamsvernon@thomas.biz,2024-11-30,"Delhi, Delhi"
287,Chad Gutierrez,(636)038-6355x9005 | ojohnson@bird-baker.com,2023-04-13,"Kanpur, Uttar Pradesh"
288,Ryan Adams,488-978-8502x811 | stewartstephanie@cook.com,2024-01-28,"Ludhiana, Punjab"
289,Austin Briggs,001-916-427-4157 | yolanda04@hotmail.com,2021-06-07,"Ludhiana, Punjab"
290,Bonnie Hopkins,026-677-1706x0450 | steven90@yahoo.com,2025-02-06,"Delhi, Delhi"
291,Sheila Baxter,(035)604-8966x352 | davidortiz@lee.com,2024-11-09,"Jaipur, Rajasthan"
292,Nicole Jones,(208)467-9487 | cgrant@yahoo.com,2024-06-04,"Nagpur, Maharashtra"
293,Patrick Smith,103.338.9804 | jennifergilmore@braun.com,2022-09-28,"Coimbatore, Tamil Nadu"
294,Cody Roberts,+1-207-908-9978x796 | stacie77@day.net,2022-05-19,"Delhi, Delhi"
295,Heather Avila,542.199.8491x4072 | randy30@yahoo.com,2020-09-14,"Agra, Uttar Pradesh"
296,Luke Marshall,001-313-291-0156 | kari96@yahoo.com,2022-10-19,"Nagpur, Maharashtra"
297,Catherine Green,(695)732-4736x526 | steven24@gmail.com,2023-01-16,"Patna, Bihar"
298,Melissa Thompson,989-475-2993x106 | emaynard@gmail.com,2021-03-11,"Bangalore, Karnataka"
299,Melissa Petty,071.796.0735x79028 | sanchezchristopher@young-perez.com,2023-09-17,"Nagpur, Maharashtra"
300,Susan Dean,001-280-746-1702x8637 | jacksonjohn@yahoo.com,2020-05-29,"Agra, Uttar Pradesh"
301,Nicole Ewing,716.406.4748x2175 | robertsonzachary@yahoo.com,2024-07-15,"Coimbatore, Tamil Nadu"
302,William Barnett,(200)843-5379 | ghoover@coleman.com,2024-02-02,"Lucknow, Uttar Pradesh"
303,Jacob Curtis,(357)545-3431 | fgibson@allen.org,2024-06-08,"Nagpur, Maharashtra"
304,Colleen Bird,817-267-9478x2116 | zsullivan@smith.info,2022-04-26,"Kolkata, West Bengal"
305,Anthony Jackson,(925)849-6622 | david42@fisher.com,2023-06-19,"Surat, Gujarat"
306,Shawn Griffin,001-439-802-8985x8432 | hhicks@hotmail.com,2024-02-21,"Agra, Uttar Pradesh"
307,Corey Gallegos,741.905.4686x465 | tiffanyprice@gmail.com,2020-10-25,"Hyderabad, Telangana"
308,Jason Stein,291-978-7997 | curtispeterson@yahoo.com,2023-06-16,"Agra, Uttar Pradesh"
309,Tamara Cervantes,(319)730-8612x0215 | zdavis@mercer.com,2023-08-07,"Lucknow, Uttar Pradesh"
310,Chad Griffin,001-694-346-9512 | anna42@buck-campos.org,2024-09-16,"Kanpur, Uttar Pradesh"
311,Patty Wiley,+1-405-968-9764x565 | cohenrachel@yahoo.com,2020-07-03,"Agra, Uttar Pradesh"
312,Michael Carrillo,618-442-9058x5873 | vanessa46@sherman.com,2021-08-24,"Pune, Maharashtra"
313,Julie Frank,(353)972-7741x94258 | dpetty@yahoo.com,2020-12-01,"Nagpur, Maharashtra"
314,Cindy Martin,001-687-991-4812x2695 | jessicamccormick@gmail.com,2021-04-16,"Indore, Madhya Pradesh"
315,Gabriel Cantu PhD,559-372-0130x33377 | amandaphillips@yahoo.com,2021-09-06,"Coimbatore, Tamil Nadu"
316,Ralph Morris,001-919-110-8641x57375 | michael82@beck.biz,2020-08-14,"Chennai, Tamil Nadu"
317,Grace Diaz,259.844.9333x638 | kellyflores@hotmail.com,2021-06-23,"Ludhiana, Punjab"
318,Sonya Lopez,6548039476 | ruizlisa@campbell-warner.com,2024-08-18,"Ludhiana, Punjab"
319,Leah Davis,065.908.9648x162 | melissacastro@hotmail.com,2020-06-16,"Bangalore, Karnataka"
320,Nicholas Alvarado,001-843-759-1854x1369 | oadams@roberts.biz,2020-06-28,"Vijayawada, Andhra Pradesh"
321,Renee Miller,001-885-573-6243x40471 | kayla99@gmail.com,2024-08-12,"Indore, Madhya Pradesh"
322,Kaylee Bryant,145.667.9654x672 | dreyes@johnson-stevens.com,2022-07-05,"Nagpur, Maharashtra"
323,Jordan Garza,515.657.9953x85724 | arthurhall@hotmail.com,2023-05-16,"Jaipur, Rajasthan"
324,Jennifer Myers,117.716.0975x24718 | hernandezdiana@ortiz.info,2024-06-21,"Ahmedabad, Gujarat"
325,Mallory Ramsey,648-441-8388 | patricia63@gmail.com,2024-10-28,"Nagpur, Maharashtra"
326,Michael Franklin,(734)228-4387x57598 | stonejennifer@bailey-sharp.com,2023-03-05,"Agra, Uttar Pradesh"
327,Anna Green,+1-341-847-4803 | xsmith@yahoo.com,2023-02-08,"Coimbatore, Tamil Nadu"
328,Crystal Martin,121.180.8312 | hchan@gmail.com,2020-04-28,"Coimbatore, Tamil Nadu"
329,Latasha Harrington,587-992-3512 | valdezvincent@yahoo.com,2025-01-29,"Surat, Gujarat"
330,David Williams,001-199-708-1861x48585 | peter56@hotmail.com,2020-04-23,"Delhi, Delhi"
331,Michael Smith,(325)158-4495 | ericabbott@gmail.com,2021-06-20,"Bangalore, Karnataka"
332,Randy Lewis,726-636-9796x88542 | valenciajonathan@moore.biz,2024-12-17,"Ahmedabad, Gujarat"
333,Walter Johnson,643-119-4142x845 | holisa@yahoo.com,2022-04-08,"Pune, Maharashtra"
334,Austin Mendez,675.909.9559x65226 | deckerkristy@gmail.com,2020-09-18,"Bhopal, Madhya Pradesh"
335,Sarah Perry,+1-404-611-8123x0049 | jessica37@gmail.com,2021-02-19,"Chennai, Tamil Nadu"
336,James Garcia,830-789-1273x088 | jennifer14@howe.com,2021-05-28,"Surat, Gujarat"
337,Emily Williams,963.772.7939x856 | woodbrandon@mitchell.com,2020-09-30,"Chennai, Tamil Nadu"
338,Tyler Green,(788)570-9349x15604 | alejandrodunn@clark-harper.com,2020-05-26,"Vijayawada, Andhra Pradesh"
339,Morgan Brown,813.610.2171x50308 | angelarodriguez@moore-stokes.com,2021-02-15,"Chennai, Tamil Nadu"
340,Larry Gonzalez,090.928.7133x06673 | kennethbrown@mcclure-boyd.com,2023-04-22,"Indore, Madhya Pradesh"
341,Donna Johnson,001-519-219-2228x76096 | christina96@yahoo.com,2021-05-04,"Agra, Uttar Pradesh"
342,Dustin Perry,001-200-032-9434 | kgreen@hotmail.com,2023-12-05,"Vijayawada, Andhra Pradesh"
343,Christopher Ross,(244)101-9544x6594 | johncruz@pacheco.com,2025-02-02,"Hyderabad, Telangana"
344,Ricky Johnson Jr.,001-972-621-5812x3351 | williamsdennis@hotmail.com,2024-10-29,"Kanpur, Uttar Pradesh"
345,Ryan Allen,+1-083-609-1667x05028 | yjackson@liu.com,2021-12-18,"Mumbai, Maharashtra"
346,Tina Swanson,796-594-9807 | allison25@francis.info,2022-03-14,"Surat, Gujarat"
347,Kenneth Pope,969.001.4254x865 | myersmatthew@davis.com,2023-10-23,"Kolkata, West Bengal"
348,Ryan Wilson,(786)425-1656x824 | matthewkeller@guerrero.biz,2023-02-15,"Mumbai, Maharashtra"
349,Chloe Shah,496.468.3884x67452 | shannon47@rangel.com,2023-12-07,"Surat, Gujarat"
350,Rachel Bennett,+1-104-498-6129x953 | buchananchristopher@yahoo.com,2020-09-20,"Delhi, Delhi"
351,Alan Estrada,001-151-824-0178x796 | paigeclark@flores.com,2024-04-27,"Vijayawada, Andhra Pradesh"
352,James Farrell,(678)914-4328x094 | laurenware@hotmail.com,2024-01-06,"Mumbai, Maharashtra"
353,Taylor Cohen,001-146-460-2600x65644 | dorisjones@yahoo.com,2024-12-24,"Lucknow, Uttar Pradesh"
354,Susan Green,+1-688-039-6964 | srussell@hotmail.com,2022-07-09,"Bangalore, Karnataka"
355,Beth Cabrera,+1-274-346-2572x080 | gmills@jenkins.org,2021-12-05,"Patna, Bihar"
356,Christina Carr,(087)725-1327 | pwalker@hotmail.com,2023-02-22,"Indore, Madhya Pradesh"
357,Sara Houston,886.508.9391 | justin73@little.com,2020-08-31,"Patna, Bihar"
358,Katherine Cobb,001-776-170-4386 | brusso@walters.com,2020-11-23,"Ludhiana, Punjab"
359,Anthony Edwards,+1-245-470-2006x289 | carlosmontgomery@gmail.com,2020-07-04,"Agra, Uttar Pradesh"
360,Brian Hansen,+1-459-143-3817x14939 | jasonallen@yahoo.com,2025-01-02,"Vijayawada, Andhra Pradesh"
361,Kelly Lawson,+1-936-575-9948x6783 | clopez@jones-woods.com,2020-05-03,"Ludhiana, Punjab"
362,Taylor Craig,(259)008-0166 | lori83@simmons.biz,2020-12-28,"Patna, Bihar"
363,Eric Mendez,882.561.6684x7436 | ikeller@brown.biz,2021-09-02,"Delhi, Delhi"
364,Mr. Jon Mueller,483.824.2654x10160 | greenalexis@moran.com,2024-02-22,"Coimbatore, Tamil Nadu"
365,Sara Green,692.972.1000x226 | mariah04@yahoo.com,2024-10-05,"Coimbatore, Tamil Nadu"
366,Matthew Ruiz,264.828.9035x64874 | tabithaholt@gmail.com,2024-02-05,"Kanpur, Uttar Pradesh"
367,Megan Palmer,134-317-5313x089 | hvega@kim.org,2024-09-27,"Ludhiana, Punjab"
368,Stacey Greene,(902)876-1766 | shannonmcdaniel@lee.com,2023-07-05,"Kolkata, West Bengal"
369,Denise Carter DVM,001-004-053-6042x087 | bowersmaria@yahoo.com,2025-02-22,"Kanpur, Uttar Pradesh"
370,Mr. Michael Miller,001-924-676-3450x8451 | maryhughes@yahoo.com,2024-03-02,"Coimbatore, Tamil Nadu"
371,Sandra Johnson,046.744.3667x2975 | gregory05@becker-russell.biz,2020-12-12,"Ahmedabad, Gujarat"
372,Terry Hill,1977564876 | kgould@ramirez.net,2022-09-21,"Agra, Uttar Pradesh"
373,Dave Flynn,+1-434-988-8798x485 | anthonyrogers@yahoo.com,2023-09-22,"Ahmedabad, Gujarat"
374,Caitlin Hudson,+1-031-371-4894x995 | qmeyer@yahoo.com,2021-12-06,"Bhopal, Madhya Pradesh"
375,Reginald Wallace,001-982-885-9516x847 | anthony88@yahoo.com,2021-07-12,"Lucknow, Uttar Pradesh"
376,Charles Dennis,(605)521-0823x5232 | mendezmargaret@yahoo.com,2024-06-14,"Delhi, Delhi"
377,Bradley Fowler,335.033.9289 | skinnerlaura@gomez-lowery.net,2024-09-12,"Jaipur, Rajasthan"
378,Thomas Bass,363-641-7955x525 | sue41@velez.com,2021-09-04,"Patna, Bihar"
379,Tanya Davis,+1-422-446-3976 | nicoleballard@johnson-evans.com,2022-01-28,"Delhi, Delhi"
380,Crystal Simmons,046-576-0694 | rachelwood@clay.com,2020-09-25,"Jaipur, Rajasthan"
381,Ricky Daniel,(124)368-7896 | boothbrooke@yahoo.com,2024-02-04,"Agra, Uttar Pradesh"
382,Kendra Bowers,001-806-883-9601x73823 | cmartinez@brown-dixon.biz,2021-03-14,"Hyderabad, Telangana"
383,Tyler Kramer,+1-285-324-9370x52074 | scarrillo@pierce-cox.com,2023-02-10,"Hyderabad, Telangana"
384,Melanie Shields,+1-426-343-9435x8577 | millerrobert@mason-rowland.biz,2020-11-11,"Pune, Maharashtra"
385,Jodi Tucker MD,867.709.3413 | josephmartinez@willis-flowers.com,2024-12-05,"Hyderabad, Telangana"
386,David Cole,8675409123 | zgonzales@potter-thomas.net,2021-04-05,"Ahmedabad, Gujarat"
387,Stanley White,473.920.7029x11925 | nguyenjoshua@pham.com,2021-05-10,"Delhi, Delhi"
388,Ann Arnold,(235)761-7479x9937 | castrodonald@hotmail.com,2025-01-25,"Bangalore, Karnataka"
389,George Ross,+1-484-983-6704x73587 | grobles@gmail.com,2020-11-16,"Delhi, Delhi"
390,Mia Williams,585-773-6458x9030 | lauradavis@yahoo.com,2022-10-18,"Ahmedabad, Gujarat"
391,Patrick Johnson,+1-395-049-5772 | uchan@flores.com,2023-03-08,"Indore, Madhya Pradesh"
392,Sabrina Baker,(526)694-8067x3769 | rosariorachel@cox-taylor.biz,2021-05-27,"Jaipur, Rajasthan"
393,Stephanie Ward,(938)944-0186x4945 | frederickwilkinson@smith.com,2021-02-18,"Ahmedabad, Gujarat"
394,Doris Thompson,+1-958-758-0354x33882 | stewartchristina@gmail.com,2021-07-24,"Patna, Bihar"
395,Brenda Johnson,+1-691-615-7638x480 | jodi46@sanchez-diaz.com,2022-07-14,"Kolkata, West Bengal"
396,Jared Choi,155-609-0076x14988 | lcalhoun@yahoo.com,2023-11-27,"Pune, Maharashtra"
397,Chloe Tran,783-572-8273x82903 | sevans@walker-blevins.net,2022-10-29,"Lucknow, Uttar Pradesh"
398,Sara Mclaughlin,110-356-7791x705 | derek61@gmail.com,2025-03-10,"Hyderabad, Telangana"
399,Patrick Wilson,831.264.0592x94568 | loganhill@bates-murray.info,2024-07-02,"Bhopal, Madhya Pradesh"
400,Devin Miller,943-684-2209x701 | sburns@mccoy.com,2020-12-11,"Bangalore, Karnataka"
401,Robert Winters,(604)138-3705 | asantos@blackwell.biz,2021-02-20,"Indore, Madhya Pradesh"
402,Wendy Nelson,324.545.2177 | carterhannah@simon-mack.com,2021-06-14,"Ludhiana, Punjab"
403,Gordon Parker,+1-351-285-4682x869 | mcknightjustin@powell.info,2023-11-12,"Indore, Madhya Pradesh"
404,John Davis,926-361-3200x91864 | harringtonsharon@smith.com,2023-05-31,"Lucknow, Uttar Pradesh"
405,Emma Lopez,894-932-5634x463 | elizabethbailey@gmail.com,2022-03-10,"Chennai, Tamil Nadu"
406,Glenn Duarte,341-036-8582 | michele16@colon.org,2022-04-02,"Delhi, Delhi"
407,Jamie Rodriguez,855-785-2179 | williepeterson@preston.biz,2020-10-28,"Ahmedabad, Gujarat"
408,Christian Keller,558-327-8006 | gbrennan@hardy.com,2024-12-16,"Indore, Madhya Pradesh"
409,Jeffrey Schultz,+1-877-314-1208x4240 | robertwilliams@briggs.net,2020-04-16,"Bangalore, Karnataka"
410,Denise Fisher,(937)976-3756 | phillipjohnson@yahoo.com,2021-11-28,"Chennai, Tamil Nadu"
411,Dr. Nathan Lewis DDS,(918)822-7910x094 | rioshenry@cook.com,2021-09-19,"Agra, Uttar Pradesh"
412,Andrea Sanchez,(255)650-2857x705 | lrobinson@yahoo.com,2023-12-18,"Bhopal, Madhya Pradesh"
413,Kevin Estrada,001-361-972-6269 | jvasquez@bradley.com,2021-08-23,"Bhopal, Madhya Pradesh"
414,John Pacheco,(621)335-5949x76221 | hoovergrace@hotmail.com,2025-01-21,"Mumbai, Maharashtra"
415,Desiree Duffy,513-049-0526x8809 | zbryant@hotmail.com,2022-12-18,"Jaipur, Rajasthan"
416,Thomas Davis,+1-755-189-3581x364 | maryholland@aguilar.com,2022-12-22,"Coimbatore, Tamil Nadu"
417,Jeremy Underwood,394-270-3109 | imendoza@gmail.com,2023-11-09,"Indore, Madhya Pradesh"
418,Julia Anderson,(517)484-8192x43306 | calebnewman@gmail.com,2023-11-13,"Indore, Madhya Pradesh"
419,Matthew Williams,717.731.0865 | bfarrell@hotmail.com,2021-05-20,"Vijayawada, Andhra Pradesh"
420,Raymond Miller,001-122-121-2830x52889 | kellycindy@cervantes.net,2020-04-02,"Coimbatore, Tamil Nadu"
421,Victoria Jones,066-495-9015 | alexgreen@sosa.com,2023-08-28,"Bangalore, Karnataka"
422,Barbara Hughes,046-414-5908 | smithmatthew@yahoo.com,2020-05-16,"Pune, Maharashtra"
423,Gregg Roberts,524.947.3115 | williamwallace@yahoo.com,2023-08-28,"Ahmedabad, Gujarat"
424,Billy Holland,(728)387-8098x4477 | ecantrell@deleon.info,2021-04-14,"Ahmedabad, Gujarat"
425,Katherine Kent,+1-399-191-8780x271 | lhill@harrison.com,2022-04-28,"Agra, Uttar Pradesh"
426,John Jones,001-915-628-5333x0634 | bwilliams@clark.com,2021-09-20,"Agra, Uttar Pradesh"
427,Michelle Parrish,240-162-9591x50619 | kenneth34@yahoo.com,2022-05-12,"Patna, Bihar"
428,Victoria Erickson,621-225-1466x554 | kleinjoseph@nguyen.org,2022-11-23,"Ahmedabad, Gujarat"
429,Roberto Clarke,+1-124-161-7696 | rvance@mathews-dunn.com,2023-03-04,"Coimbatore, Tamil Nadu"
430,Ashley Ayala,+1-030-796-8470 | scottcampbell@gmail.com,2021-09-05,"Jaipur, Rajasthan"
431,Tracy Chaney,(765)466-3493x226 | kennethbeasley@fuller.info,2023-02-10,"Vijayawada, Andhra Pradesh"
432,James Smith,051-523-9396 | khayes@atkinson.com,2022-07-21,"Mumbai, Maharashtra"
433,James Cooper,553-508-9305x5914 | matthew77@hotmail.com,2023-06-16,"Kolkata, West Bengal"
434,Kyle Johns,001-356-257-4681x33497 | phyllis29@yahoo.com,2023-04-29,"Pune, Maharashtra"
435,Joseph Marks,764-080-0296 | dhernandez@gardner.com,2021-05-14,"Kolkata, West Bengal"
436,Brandy Black,001-314-337-5208x3440 | burnssteven@hotmail.com,2022-09-09,"Coimbatore, Tamil Nadu"
437,Justin Rogers,4803314594 | tuckervictor@hotmail.com,2023-12-15,"Ludhiana, Punjab"
438,Anne Schmitt,+1-394-912-4426x892 | armstrongwhitney@torres.net,2021-07-11,"Jaipur, Rajasthan"
439,Matthew Howell,001-739-296-5560x616 | kylejenkins@hotmail.com,2024-12-01,"Ludhiana, Punjab"
440,Meghan Shepherd,694-481-3188x7511 | hmartin@velasquez.org,2023-10-09,"Coimbatore, Tamil Nadu"
441,James Avila,254.734.0446x267 | eric53@jackson.com,2024-02-24,"Bangalore, Karnataka"
442,David Mccann,+1-715-043-7986x9908 | joshua99@hotmail.com,2024-08-26,"Nagpur, Maharashtra"
443,Heather Wells,926-647-6771 | mharper@gmail.com,2020-12-31,"Bhopal, Madhya Pradesh"
444,Victoria Hester,894.234.4101x8191 | james30@watson-shannon.com,2024-09-28,"Surat, Gujarat"
445,Christina Parker,7875946644 | christinaboone@reynolds-mccullough.org,2024-07-04,"Agra, Uttar Pradesh"
446,Dominic Edwards,(109)969-5506x5676 | michellelambert@gmail.com,2024-12-17,"Hyderabad, Telangana"
447,Jose Farrell PhD,+1-378-504-3316x121 | jenniferkane@hotmail.com,2024-02-16,"Lucknow, Uttar Pradesh"
448,Lori Byrd,441-021-5750 | hblake@hotmail.com,2020-06-05,"Lucknow, Uttar Pradesh"
449,Gregory Carey,120-445-3906x41907 | djohnson@gmail.com,2023-12-20,"Kolkata, West Bengal"
450,Sydney Johnson,(696)655-1879 | gmaxwell@foster.biz,2020-11-29,"Kanpur, Uttar Pradesh"
451,Emily Cole,847-372-7522x400 | aaron60@yahoo.com,2022-03-25,"Jaipur, Rajasthan"
452,Jeffrey Martinez,(783)263-5249x22472 | agiles@fry.net,2024-08-26,"Jaipur, Rajasthan"
453,Amber Parker,543.122.3647x942 | rwilliams@hotmail.com,2023-02-21,"Mumbai, Maharashtra"
454,Lori Carlson,215-185-0623 | david48@mccarty.org,2022-08-27,"Ludhiana, Punjab"
455,Angela Cole,+1-809-720-6255x96116 | simmonsellen@ryan.net,2022-02-09,"Surat, Gujarat"
456,Kevin Baker,+1-878-018-7068x4073 | bellangela@yahoo.com,2024-11-08,"Indore, Madhya Pradesh"
457,Shelly Knight,(128)135-5401 | deannasullivan@thompson.info,2024-09-01,"Agra, Uttar Pradesh"
458,Steven Lamb,550.732.6731x654 | brandon21@yahoo.com,2021-10-20,"Pune, Maharashtra"
459,Steve Martinez,458-041-8530 | leekari@yahoo.com,2020-12-29,"Surat, Gujarat"
460,Thomas Gomez,2950773870 | lopezkyle@kelly.com,2021-03-21,"Ahmedabad, Gujarat"
461,Alison Bryant,8923918706 | crystallane@yahoo.com,2021-04-05,"Nagpur, Maharashtra"
462,Jennifer Bennett,+1-600-725-4040x86149 | patricia03@hotmail.com,2023-01-19,"Bangalore, Karnataka"
463,Kaylee Nunez,221-830-7506x89797 | riverakaitlyn@hotmail.com,2023-06-17,"Chennai, Tamil Nadu"
464,Robert Spencer,909.080.9344x69124 | andersonsean@mills.com,2024-09-07,"Surat, Gujarat"
465,Annette Burton,+1-459-540-2183x487 | larry46@castillo-dougherty.biz,2025-02-10,"Delhi, Delhi"
466,Troy Lee,934.053.5002x747 | andreathomas@dunlap.com,2021-06-21,"Pune, Maharashtra"
467,Sara Sanchez,+1-370-466-4351x098 | vincentking@gmail.com,2021-11-12,"Agra, Uttar Pradesh"
468,James Ramos,+1-481-448-7623x933 | rhanson@smith.com,2021-03-19,"Patna, Bihar"
469,Steven Romero,378.563.5713 | sabrinabrooks@smith.com,2020-06-19,"Surat, Gujarat"
470,Steven Bell,(871)220-2331x0704 | swhite@nicholson.info,2024-01-16,"Ludhiana, Punjab"
471,Amanda Cook,(809)898-2866x33841 | jeremiahkim@fry.com,2022-10-11,"Hyderabad, Telangana"
472,Maria Guzman,233-260-7895x800 | fsparks@johnson.info,2025-01-09,"Agra, Uttar Pradesh"
473,Jonathan Wallace,(255)950-8990x8731 | katherinehayes@yahoo.com,2022-08-25,"Chennai, Tamil Nadu"
474,Christopher Raymond,780-310-4026 | ramirezjessica@robinson.com,2020-10-26,"Pune, Maharashtra"
475,Charles Gomez,360-949-1347 | amanda45@hotmail.com,2022-09-19,"Pune, Maharashtra"
476,Christian Carr,957-450-4425 | dpollard@jackson.com,2023-08-12,"Vijayawada, Andhra Pradesh"
477,Craig Boyd,001-037-389-6020x197 | lprice@johnson.com,2022-02-24,"Bhopal, Madhya Pradesh"
478,Heather Myers,365-735-5449x495 | richardduke@ferguson.com,2020-08-02,"Pune, Maharashtra"
479,Megan Shields,3380451101 | alexis65@hotmail.com,2024-03-04,"Delhi, Delhi"
480,Andrea Simpson,(778)313-5863 | johnscott@santiago.com,2023-06-15,"Jaipur, Rajasthan"
481,William Lopez,001-011-456-7312x64565 | freyeric@yahoo.com,2023-04-19,"Mumbai, Maharashtra"
482,Joe Jackson,(956)194-5023x0175 | bruceronald@sanders.com,2022-02-17,"Coimbatore, Tamil Nadu"
483,Sara Villanueva,038-967-9977x2004 | rowlandjoseph@gmail.com,2021-05-13,"Coimbatore, Tamil Nadu"
484,Amy Hamilton,714-583-3812x8903 | angelamoore@martinez-dean.net,2025-01-18,"Bangalore, Karnataka"
485,Regina Miller,(764)187-2388x9085 | markhendricks@garner.com,2021-06-15,"Bangalore, Karnataka"
486,Stephanie Espinoza,(063)527-9977x542 | arivera@hayes-jones.com,2020-10-17,"Lucknow, Uttar Pradesh"
487,Darren Walsh,001-640-908-3207x265 | lroach@gonzalez-gallagher.info,2024-02-22,"Indore, Madhya Pradesh"
488,Aaron Weaver,0200806559 | melodyboone@hotmail.com,2021-01-07,"Lucknow, Uttar Pradesh"
489,Alexa Jones,+1-793-739-4205x7918 | steven58@daniel-may.com,2020-04-25,"Ahmedabad, Gujarat"
490,Frederick Martinez,816.832.0178x184 | obates@waters.com,2022-08-30,"Coimbatore, Tamil Nadu"
491,Frank Maldonado,165-239-8641x464 | jessicacasey@shaw.biz,2023-07-04,"Hyderabad, Telangana"
492,Amy Clark,001-400-239-5421 | melendezmichael@gmail.com,2023-01-15,"Chennai, Tamil Nadu"
493,Christina Contreras,(528)667-4296 | jacksonsherry@owens.info,2024-02-11,"Patna, Bihar"
494,Cassandra Ortiz,001-166-606-0470x56896 | williamscatherine@murphy.info,2022-01-17,"Agra, Uttar Pradesh"
495,Bradley Osborne,(788)939-6709x59975 | mercadobenjamin@yahoo.com,2024-09-07,"Patna, Bihar"
496,Miguel Anderson,666-421-4186 | thomas01@le.org,2021-01-22,"Chennai, Tamil Nadu"
497,Lauren Brown,302-632-9011 | crhodes@gmail.com,2020-12-30,"Chennai, Tamil Nadu"
498,Elizabeth Wall,(390)634-3835x1928 | hspencer@thompson.com,2024-10-26,"Bhopal, Madhya Pradesh"
499,Jack Kelley,(266)537-2398x203 | tiffany37@small-walters.com,2020-06-09,"Surat, Gujarat"
500,Anne Hensley,426.167.9576x5063 | williammoses@hotmail.com,2020-07-23,"Mumbai, Maharashtra"
